africa,lat_abst,avexpr,logpgp95,other,asia,rich4,logem4,catho80,muslim80,no_cpm80,f_brit,f_french,sjlofr,avelf,temp1,temp2,temp3,temp4,temp5,humid1,humid2,humid3,humid4,steplow,deslow,stepmid,desmid,drystep,drywint,edes1975,landlock,goldm,iron,silv,zinc,oilres,malfal94,yellow,leb95,imr95,meantemp,lt100km,latabs,indtime
1,.13666667,5.3636365,7.7706451,0,0,0,5.6347895,68.699997,0,11.500004,0,0,1,.77275497,26,28,37,14,21,77,84,74,78,1,1,0,0,0,0,0,0,0,0,0,0,146000,.94999999,1,46.490002,125,22.94133,.118758,.136667,20
0,.37777779,6.3863635,9.1334591,0,0,0,4.232656,91.599998,.2,5.5000014,0,0,1,.17693181,17,25,40,-6,6,81,92,60,79,1,0,0,1,0,0,90,0,0,0,0,0,46900,0,0,72.889999,21.799999,17.1,.123089,.37777799,170
0,.30000001,9.318182,9.8979721,1,0,1,2.1459312,29.6,.2,46.700001,1,0,0,.11279711,17,18,43,-10,3,56,85,35,64,1,1,0,0,0,0,99,0,3,16,9,12,99100,0,1,78.25,5.5999999,20.9,.19895799,.30000001,94
1,.14444445,4.4545455,6.84588,0,0,0,5.6347895,9,43,46.400002,0,1,1,.54671812,29,38,48,9,19,38,81,19,67,1,0,0,0,0,0,0,1,0,0,0,0,0,.94999999,1,44.389999,98.800003,28.1,0,.144444,35
0,.26666668,5.1363635,6.877296,0,1,0,4.2684379,.2,85.900002,13.699999,1,0,0,0,25,29,42,7,24,37,74,37,74,0,0,0,0,0,0,0,0,0,0,0,0,0,.12008,1,58.130001,78.800003,25.686211,.40159801,.26666701,23
0,.18888889,5.6363635,7.9266024,0,0,0,4.2626801,92.5,0,5.1999998,0,0,1,.59941179,12,21,27,-3,2,77,93,49,74,0,0,0,0,0,0,30.000002,1,0,0,0,0,14300,.00165,1,61.389999,65.599998,21.5,0,.188889,170
0,.11111111,7.909091,8.7274542,0,0,0,4.2626801,87.800003,.1,8.0999966,0,0,1,.055780932,25,32,39,10,18,82,87,68,74,1,0,0,0,0,0,55,0,2,.1,0,1,19400,.035999998,1,66.779999,42.400002,23.700001,.092515998,.111111,171
0,.66666669,9.727273,9.9864492,0,0,1,2.7788193,46.599998,.60000002,23.200001,1,0,0,.37618759,4,12,39,-37,3,76,90,40,76,0,0,1,0,0,0,98,0,4,7,13,15,185000,0,0,78.980003,6,-.2,.021164,.66666698,128
0,.33333334,7.818182,9.336092,0,0,0,4.232656,82.099998,0,16.000002,0,0,1,.050625,17,27,37,-4,6,70,93,38,64,1,1,0,0,0,0,50,0,0,0,0,0,21700,0,0,74.940002,12.8,13.4,.660182,.33333299,177
1,.088888891,7,7.4442487,0,0,0,6.5042882,18.5,24,52.799999,0,1,1,.85652989,26,31,36,15,20,93,96,71,82,0,0,0,0,0,0,0,0,0,0,0,0,7460,.94999999,1,46.720001,87.300003,26.0907,.171056,.088889003,35
1,.06666667,6.4545455,7.5010819,0,0,0,5.6347895,35,22,24.9,0,0,1,.85204548,25,31,36,14,17,97,98,62,75,0,0,0,0,0,0,0,0,0,0,0,0,31900,.94999999,1,54.73,74.400002,24.433331,.098240003,.066666998,35
1,.011111111,4.681818,7.420579,0,0,0,5.480639,53.900002,.40000001,20.799999,0,1,1,.66927534,25,32,37,12,19,77,89,54,71,0,0,0,0,0,0,0,0,0,0,0,0,338000,.94999999,1,48.549999,89.5,24.751511,.047892999,.011111,35
0,.044444446,7.318182,8.8098631,0,0,0,4.2626801,96.599998,.2,2.3000016,0,0,1,.05579602,14,22,24,4,7,82,88,51,64,0,0,0,0,0,0,25,0,0,0,0,0,57,.14637001,1,70.43,30,22.5,.159722,.044443998,163
0,.11111111,7.0454545,8.7948246,0,0,0,4.3579903,90.5,0,3.6999998,0,0,1,.053214286,21,29,33,9,14,80,92,55,78,0,0,0,0,0,0,20,0,0,0,0,0,0,0,1,76.029999,12.1,25.1,1,.111111,157
0,.21111111,6.181818,8.3640423,0,0,0,4.8675346,96.599998,0,2.0000014,0,1,1,.010830564,26,33,37,15,20,88,92,58,66,0,0,0,0,0,0,25,0,0,0,0,0,0,0,1,70.610001,33.599998,25.6,1,.21111099,151
1,.31111112,6.5,8.3893595,0,0,0,4.3592696,.5,99.099998,.40000153,0,1,1,.29372403,21,24,42,0,1,67,75,57,66,0,1,0,0,0,0,0,0,0,0,0,0,339000,0,0,68.889999,43.799999,19.299999,.047185998,.311111,33
0,.022222223,6.5454545,8.4701014,0,0,0,4.2626801,96.400002,0,1.6999985,0,0,1,.32535714,15,26,30,0,4,80,94,40,60,0,0,1,0,0,0,30.000002,0,0,0,0,0,141,.11894999,0,69.519997,45.599998,19.1,.368411,.022221999,165
1,.30000001,6.7727275,7.9515595,0,0,0,4.2165623,.2,81.800003,17.799997,1,0,1,.023061818,24,31,47,1,17,50,70,18,41,0,1,0,0,0,0,0,0,0,0,0,0,111000,0,0,66.269997,50.5,22.6,.239163,.30000001,184
1,.011111111,7.818182,8.9078827,0,0,0,5.6347895,65.199997,.80000001,15.200004,0,1,1,.79666668,27,33,37,17,19,85,95,69,79,0,0,0,0,0,0,0,0,0,0,0,0,579000,.94050002,1,52.419998,87.300003,24.5,.26179099,.011111,35
1,.088888891,6.2727275,7.36518,0,0,0,6.5042882,18.700001,15.7,39.799999,1,0,0,.70607078,27,32,38,15,21,95,97,61,77,1,0,0,0,0,0,0,0,0,0,0,0,30,.94999999,1,60,65.800003,26.35758,.192991,.088889003,35
1,.12222222,6.5454545,7.4899707,0,0,0,6.1800165,1.1,69,29.799999,0,1,1,.75983,27,31,36,17,21,83,94,63,87,0,0,0,0,0,0,0,0,0,0,0,0,0,.94999999,1,46.5,124,24.43889,.140641,.122222,37
1,.14755556,8.272727,7.2723985,0,0,0,7.2930179,1.9,84.800003,12.899997,1,0,0,.78037035,24,33,41,7,21,66,95,26,78,0,0,0,0,0,0,0,0,0,0,0,0,0,.94999999,1,47,122,25.66596,.39976999,.14755601,30
0,.17,5.1363635,8.2940493,0,0,0,4.2626801,94,0,1.0999999,0,0,1,.47666666,19,28,32,5,12,81,92,51,72,0,0,0,0,0,0,20,0,0,0,0,0,2700,.0036000002,1,64.040001,46,21.700001,.42545801,.17,156
0,.16666667,5.318182,7.6870804,0,0,0,4.3579903,95.800003,.1,1.499997,0,0,1,.097359307,22,25,30,14,18,79,91,43,70,0,0,0,0,0,0,20,0,0,0,0,0,0,.012,1,69.400002,35,25.4,.66860199,.166667,156
0,.21111111,3.7272727,7.1467724,0,0,0,4.8675346,82.599998,0,4.6000013,0,1,1,.064404763,27,34,38,16,20,68,79,43,56,0,0,0,0,0,0,0,0,0,0,0,0,0,1,1,53.75,67.699997,26.58033,1,.21111099,175
0,.055599999,7.590909,8.0709057,0,1,0,5.1357985,2.7,43.400002,49.099998,0,0,1,.74219751,28,33,37,19,21,90,95,61,75,0,0,0,0,0,0,0,0,0,0,0,0,29700,.17873,1,65.129997,48.400002,26.799999,.74576002,.055555999,50
0,.22220001,8.272727,7.3260002,0,1,0,3.8842406,1.3,11.6,86,1,0,0,.69056785,24,28,46,-1,22,35,80,19,64,1,0,0,0,0,0,0,0,0,5,0,7,6750,.23596001,0,62.59,72.300003,25.9,.156776,.222222,45
0,.20166667,7.090909,8.1886892,0,0,0,4.8675346,9.6000004,.1,34.799999,1,0,0,.0125,26,33,36,14,20,77,88,61,73,0,0,0,0,0,0,10,0,0,0,0,0,0,0,1,74.82,21.9,26.5,1,.201667,36
1,.011111111,6.0454545,7.0561752,0,0,0,4.9767337,26.4,6,48.300003,1,0,0,.82696486,18,26,31,5,11,74,89,40,62,1,1,0,0,0,0,0,0,0,0,0,0,0,.79799998,1,52.040001,65.5,22.6,.082503997,.011111,32
0,.077777781,6.0454545,7.7319307,0,1,0,4.2456341,6.8000002,7.1999998,85.599998,1,0,0,.32574692,27,31,36,15,22,71,80,66,78,0,0,0,0,0,0,0,0,0,0,0,0,0,.138,1,73.110001,17.6,27.6,.99361998,.077777997,47
1,.35555556,7.090909,8.0423784,0,0,0,4.3592696,.2,99.400002,.39999849,0,1,1,.34797192,24,27,48,0,12,87,92,59,72,1,0,0,0,0,0,1,0,0,0,0,0,0,0,0,66.639999,51,18.5,.36785799,.35555601,195
1,.22222222,4.4545455,6.8351846,0,0,0,6.2842088,26,1.7,50.299999,0,1,1,.062748641,18,27,35,1,12,85,94,49,71,1,0,0,0,0,0,0,0,0,0,0,0,0,.94999999,1,57.509998,82.5,23.299999,.57096398,.222222,35
0,.25555557,7.5,8.9437675,0,0,0,4.2626801,94.699997,0,4.1000032,0,0,1,.17407407,16,23,32,-3,9,66,86,26,54,0,1,0,0,0,0,15.000001,0,0,0,13,4,570000,.00042,1,72.18,31,19,.37255001,.25555599,173
1,.18888889,4,6.5652652,0,0,0,7.986165,.69999999,80,19.1,0,1,1,.80856913,29,36,47,8,19,33,94,18,73,0,1,0,0,1,0,0,1,0,0,0,0,0,.94050002,1,53.299999,118,29.299999,0,.188889,35
0,.025555555,7.9545455,8.8942585,0,1,0,2.8735647,2.8,49.400002,46.399998,1,0,0,.6103704,28,35,37,18,21,95,97,58,66,0,0,0,0,0,0,0,0,0,0,0,0,192000,.23331,1,72,11.4,26.700001,.79440701,.025556,38
1,.17777778,5,6.7334018,0,0,0,5.9914646,.2,87.900002,11.899999,0,1,1,.73291427,29,38,46,8,19,26,91,11,68,0,1,0,0,0,0,0,1,0,0,0,0,0,.94050002,1,48.5,115,28.4,0,.17777801,37
1,.11111111,5.5454545,6.8134446,0,0,0,7.6029005,12.1,45,27.099998,1,0,0,.856709,28,34,40,16,21,81,87,65,80,1,0,0,0,1,0,0,0,0,0,0,0,168000,.94999999,1,50.080002,81.099998,26.65065,.097769,.111111,35
0,.14444445,5.2272725,7.544332,0,0,0,5.0955892,94.699997,0,.90000296,0,0,1,.099179566,27,31,34,20,23,80,92,44,70,0,0,0,0,0,0,20,0,0,0,0,0,0,.044,1,67.860001,43.400002,26.633329,.63268602,.144445,157
0,.45555556,9.727273,9.7561474,1,0,1,2.1459312,18.700001,0,43.399998,1,0,0,.14756992,15,19,31,-2,5,73,81,67,78,0,0,0,0,0,0,91.699997,0,0,0,0,0,48300,0,0,76.900002,6.8000002,12.8,.95948797,.45555601,138
0,.33333334,6.0454545,7.3524413,0,1,0,3.6106477,.5,96.800003,1.899997,1,0,0,.62155986,22,24,48,-4,17,19,54,19,54,1,1,0,0,0,0,0,0,0,0,0,0,3220,.53757,1,63.950001,74.099998,23.5,.094195999,.33333299,48
0,.1,5.909091,8.8363743,0,0,0,5.0955892,85,4.5,5.3000002,0,0,1,.19083333,27,34,36,17,21,81,91,78,92,0,0,0,0,0,0,20,0,0,0,0,0,0,.08004,1,73.599998,21.4,27.5,1,.1,92
0,.11111111,5.7727275,8.3961544,0,0,0,4.2626801,95.099998,0,2.2000015,0,0,1,.43159091,22,26,34,9,16,92,95,64,80,0,1,0,0,0,0,30.000002,0,0,0,9,5,16600,.00050000002,0,68.32,45,20.5,.173208,.111111,174
0,.25555557,6.9545455,8.2079468,0,0,0,4.3579903,96,0,2.0999999,0,0,1,.41111112,22,37,43,-2,12,73,89,48,62,0,0,0,0,0,0,25,1,0,0,0,0,0,0,0,69.610001,39.200001,23,0,.25555599,184
1,.16666667,4,7.3065314,0,0,0,4.4796071,4.4000001,73,22.5,1,0,0,.51218003,29,40,48,5,19,18,67,10,41,0,1,0,0,1,0,0,0,0,0,0,0,10900,.93099999,1,54.970001,70.900002,28.5,.023229999,.166667,41
1,.15555556,6,7.4024515,0,0,0,5.1038828,5.5999999,91,3.3000002,0,1,1,.7788682,28,35,43,12,21,70,88,45,74,0,1,0,0,1,0,0,0,0,0,0,0,0,.94999999,1,52.32,63.200001,27.200001,.244762,.15555599,35
0,.013555556,9.318182,10.146434,0,1,0,2.8735647,4.6999998,17.4,75.300003,1,0,0,.3215287,28,33,36,19,21,76,82,70,78,0,0,0,0,0,0,0,0,0,0,0,0,0,0,1,77.099998,4.9000001,27.1,1,.013556,36
0,.15000001,5,7.9480319,0,0,0,4.3579903,96.199997,0,1.400003,0,0,1,.051428571,9,20,42,-25,8,71,85,46,76,0,0,0,0,0,0,20,0,0,0,0,0,0,0,1,69.129997,32,23.571011,1,.15000001,157
1,.088888891,6.909091,7.2225661,0,0,0,6.5042882,29.299999,17,47.599998,0,1,1,.72848684,27,32,38,15,21,95,97,61,77,1,0,0,0,1,0,0,0,0,0,0,0,0,.94999999,1,48.84,83.900002,26.799999,.16768999,.088889003,35
0,.12222222,7.4545455,8.7687302,0,0,0,4.4426513,35.799999,6.5,44.5,1,0,0,.23126984,26,35,38,11,16,83,89,61,76,0,0,0,0,0,0,40,0,0,0,0,0,442000,0,1,73.800003,14.5,25.9,1,.122222,33
1,.37777779,6.4545455,8.4826021,0,0,0,4.1431346,.1,99.400002,.49999848,0,1,1,.070252195,24,25,48,-1,11,72,86,40,64,1,0,0,0,0,0,0,0,0,0,0,0,198000,0,0,69.5,30.299999,19.6,.479655,.37777799,36
1,.06666667,6.6363635,6.253829,0,0,0,5.6347895,28.200001,32.5,28.099998,0,0,0,.89024693,22,31,36,8,16,70,84,36,56,0,0,0,0,0,0,0,0,0,0,0,0,0,.92150003,1,47.919998,81.5,25.09024,.088188998,.066666998,33
1,.011111111,4.4545455,6.9660244,0,0,0,5.6347895,49.599998,6.5999999,41.900002,1,0,0,.83579069,24,29,36,12,15,78,89,54,72,0,0,0,0,1,0,0,1,0,0,0,0,0,.94999999,1,39.639999,107,21.57432,0,.011111,33
0,.36666667,7,9.0312138,0,0,0,4.2626801,59.5,0,38.599998,0,0,1,.06666667,20,26,43,-4,8,73,89,52,69,0,0,0,0,0,0,90,0,0,0,0,0,0,0,0,73.93,17.5,18.4,.31232899,.366667,165
0,.42222223,10,10.21574,0,0,1,2.7080503,30,.80000001,25.600002,1,0,0,.20903142,27,32,37,15,21,62,70,59,68,0,0,0,0,0,0,83.600006,0,11,6,11,13,95700,0,1,76.699997,7.0999999,11.2,.111732,.42222199,195
0,.088888891,7.1363635,9.0710783,0,0,0,4.3579903,94.800003,0,4.1999969,0,0,1,.052499998,20,28,33,7,12,78,84,60,63,1,1,0,0,0,0,20,0,0,2,0,0,3040000,.0070400001,1,72.410004,20.9,24.799999,.24440899,.088889003,165
0,.17777778,6.409091,7.2793188,0,1,0,4.9416423,3.9000001,1,94.900002,0,1,1,.11764706,25,33,43,6,22,74,83,67,76,0,0,0,0,0,0,0,0,0,0,0,0,7140,.70109999,1,67.389999,38.200001,25.55714,.57028198,.17777801,41
1,.32222223,6.8636365,8.885994,0,0,0,2.74084,10.4,1.3,49.299999,1,0,0,.83098179,19,29,39,-2,7,71,91,54,67,1,0,0,0,0,1,16,0,47,4,0,2,0,.1045,0,54.73,59.200001,17.700001,.19633,.32222199,139
1,0,3.5,6.8669333,0,0,0,5.480639,48.400002,1.4,21.199999,0,0,1,.87225288,25,32,36,14,19,88,95,61,73,0,0,0,0,0,0,0,0,0,0,0,3,4540,.94999999,1,50.790001,90.199997,23.354549,.0039869999,0,35
