countrykey,africa,lat_abst,avexpr,logpgp95,other,asia,loghjypl,baseco,rich4,logem4,catho80,muslim80,no_cpm80,f_brit,f_french,sjlofr,avelf,temp1,temp2,temp3,temp4,temp5,humid1,humid2,humid3,humid4,steplow,deslow,stepmid,desmid,drystep,drywint,edes1975,landlock,goldm,iron,silv,zinc,oilres,malfal94,yellow,leb95,imr95,meantemp,lt100km,latabs,euro1900,democ1,cons1,indtime,democ00a,cons00a,marketref,dem,demcgv,dembmr,demreg,lp_bl,ls_bl,lh_bl,tropicar,distcr,distc,distr,ginv,polity,polity2,mortality,imputedmort,excolony,currentinst,malfal,uvdamage,suitavg,pdiv,pdiv_aa,pdivhmi,pdivhmi_aa,pd1,pd1000,pd1500,pd15001,pop1,pop1000,pop1500,legor_uk,legor_fr,temp,elevavg,elevstd,kgatr,precip,suitgini,area,abslat,cenlong,area_ar,rough,ln_yst,ln_yst_aa,europe,oceania,americas,pprotest,pcatholic,pmuslim,pother,population_initial,population_now,gdp_pc_initial,gdp_pc_now,capital_growth_pct_gdp_initial,capital_growth_pct_gdp_now,gdp_initial,gdp_now,investment_rate,gdp_growth,pop_growth,lgdp_initial,lpop_initial,airdist,brit,buddha,civ72,confuc,dens60,dens65c,dens65i,dpop6090,east,ecorg,engfrac,fertldc1,gde1,gdpch60l,geerec1,ggcfd3,govnom1,govsh61,gvr61,h60,herf00,hindu00,iprice1,laam,life060,lt100cr,malfal66,mining,newstate,oil,opendec1,orth00,othfrac,p60,pi6090,pop1560,pop60,pop6560,priexp70,prights,rerd,revcoup,scout,size60,socialist,spain,sqpi6090,tot1dec1,totind,troppop,wartime,wartorn,yrsopen,ztropics
AGO,1,.13666667,5.3636365,7.7706451,0,0,-3.4112477,1,0,5.6347895,68.699997,0,11.500004,0,0,1,.77275497,26,28,37,14,21,77,84,74,78,1,1,0,0,0,0,0,0,0,0,0,0,146000,.94999999,1,46.490002,125,22.94133,.118758,.136667,8,0,3,20,0,1,,,,,.03125,,,,1,481.495,509.51099,593.664,,,,280,280,1,172,1,269.24872,.25,.74826586,.74778289,.73973984,.73958433,.19119325,.76477301,1.529546,1.529546,238360.63,953442.5,1906885,0,1,21.66506,.97141165,.38819009,.49412951,84.62355,.37854001,1246700,12.5,18.5,30045.471,.084889762,7.130899,7.2130241,0,0,0,19.799999,68.699997,0,11.5,5890360,32866268,,2890.8928,,22.76226,,95012860718.0854,21.757454,,.034980509,,15.588828,6830,0,0,.16666667,0,258.8663,9.2919693,3.4626989,.02409583,0,0,0,,,6.8362594,,,.115,.141,,0,.98806202,0,110.38,0,,.14,1,.27000001,2,0,.47999999,0,0,.20999999,9.46,.41839999,4816,.0276163,,6.7199998,172,.69999999,0,15.315958,1,0,89.4916,.055431068,,.74910003,.44,1,0,.050131701
ARG,0,.37777779,6.3863635,9.1334591,0,0,-.8722738,1,0,4.232656,91.599998,.2,5.5000014,0,0,1,.17693181,17,25,40,-6,6,81,92,60,79,1,0,0,1,0,0,90,0,0,0,0,0,46900,0,0,72.889999,21.799999,17.1,.123089,.37777799,60.000004,1,1,170,3,3,34.144062,0,0,0,.071428575,72.400002,15.3,4,.027088869,271.642,388.40799,832.69202,24.440096,-9,-9,68.900002,68.900002,1,124,0,170.53558,.40000001,.57325119,.72473752,.56610674,.710195,.03654049,.073080979,.10303224,.10303224,99999.992,199999.98,281967.31,0,1,13.966665,.71528637,1.0026489,.000045699999,52.905045,.50347,2736690,34,-64,278047.69,.17800479,8.2427559,8.8921947,0,0,1,2.7,91.599998,.2,5.5,23880564,45376763,7084.1807,8692.708,24.440096,13.776598,169174220800,394446952845.238,19.976606,.0041007916,.012921475,8.8656197,16.988575,8570,0,0,.66666669,0,132.7459,12.4985,7.5308609,.01525467,0,5,0,1.1336576,.021,8.4033527,.022299999,.050000001,.12,.13,.084700003,.11,.95085198,0,88.209999,1,65.199997,.2,0,.02,0,0,.1305,.001,.83600003,.98000002,88.983917,.30779999,20616,.0554424,.861,3.9400001,113,.95999998,0,18.337175,0,1,7918.1372,-.010536052,.45517242,0,.36000001,1,.090000004,.0022708001
AUS,0,.30000001,9.318182,9.8979721,1,0,-.17078833,1,1,2.1459312,29.6,.2,46.700001,1,0,0,.11279711,17,18,43,-10,3,56,85,35,64,1,1,0,0,0,0,99,0,3,16,9,12,99100,0,1,78.25,5.5999999,20.9,.19895799,.30000001,98,10,7,94,10,7,29.444778,1,1,1,.95454544,29.299999,48.299999,21.5,.38188735,354.88699,354.77701,5188.8999,32.813263,10,10,8.5500002,8.5500002,1,10,0,223.12234,.19,.64405358,.72547859,,,.026033871,.026033871,.026033871,.026033871,200000,200000,200000,1,0,21.334566,.26331285,.18650851,.079323202,45.187477,.60791999,7682300,27,135,503190.66,.053394891,5.9914646,8.6785307,0,1,0,23.5,29.6,.2,46.700001,12507000,25687041,26120.621,56307.281,33.022171,22.255543,326690603008,1446367427550.64,27.672348,.015480577,.014498055,10.170481,16.341799,7800,1,0,1,0,741.09943,6.2514868,.30782571,.016453,0,5,.94999999,1.0274743,.028000001,8.959569,.0217,.090000004,.14,.1,.0513,.13,.59546,0,68.82,0,70.699997,.2,0,.039999999,0,0,.29550001,.001,0,1,6.7071033,.30090001,10315,.084633999,.81099999,1,129,0,0,18.200924,0,0,44.985233,-.016126245,.35172415,.016489999,0,0,.69,.1602212
BFA,1,.14444445,4.4545455,6.84588,0,0,-3.5404594,1,0,5.6347895,9,43,46.400002,0,1,1,.54671812,29,38,48,9,19,38,81,19,67,1,0,0,0,0,0,0,1,0,0,0,0,0,.94999999,1,44.389999,98.800003,28.1,0,.144444,0,0,3,35,0,1,14.285715,0,0,0,.032258064,,,,1,731.84497,732.24799,960.37598,10.270034,-4,-4,280,280,1,153,1,269.04742,.34999999,.74102992,.74102992,.72913665,.72913665,1.1814605,2.7567413,4.3320217,4.3320217,323247.59,754244.44,1185241.1,0,1,28.639091,.28544873,.039075699,.1176683,66.651634,.25894001,273600,13,-2,40410.723,.031311959,7.972466,7.972466,0,0,0,1.6,9,43,46.400002,5624592,20903278,307.53583,815.48083,10.270034,,1729763584,17046223028.9561,17.739998,.019695166,.026602855,5.7285914,15.542659,,,,,,,,,,,,,,,,,,,,,,,,,,,,,,,,,,,,,,,,,,,,,,,,,,,,,,,
BGD,0,.26666668,5.1363635,6.877296,0,1,-2.0635681,1,0,4.2684379,.2,85.900002,13.699999,1,0,0,0,25,29,42,7,24,37,74,37,74,0,0,0,0,0,0,0,0,0,0,0,0,0,.12008,1,58.130001,78.800003,25.686211,.40159801,.26666701,0,8,7,23,0,1,33.333332,,,,0,12.293732,6.1045923,.56664735,.42105263,41.123501,151.964,79.828598,11.344657,,,71.410004,71.410004,1,129,.1786233,206.00635,.76999998,.71155369,.71176815,.71170145,.71183729,8.7759151,19.874866,25.811514,25.811514,1142360.9,2587111.3,3359884.8,1,0,24.894917,.12466724,.14970571,.86747682,220.37149,.18411,130170,24,90,80835.57,.082502432,8.6125031,8.623353,0,0,0,.2,.2,85.900002,13.7,64232486,164689383,411.18439,1305.2593,11.344657,31.535517,26411395072,214962354031.804,18.470585,.023371231,.019009463,6.0190415,17.97802,4900,1,0,.5,0,2.5316,412.9494,471.4697,.027110649,0,3,0,1.9326801,.003,6.8585649,.0040000002,.02,.07,.23,.21799999,.0099999998,.53741199,.32699999,50.650002,0,43.599998,.95999998,.63200003,0,2,0,.215,0,0,.47,10.593912,.4077,51419,.0371264,,4.5,70,.62,0,17.706327,0,0,112.23098,0,.2137931,.053040002,.039999999,1,0,.32836309
BHS,0,.26833332,7.5,9.2854481,0,0,,1,0,4.4426513,25.5,0,27.300003,1,0,0,0,25,29,34,5,19,79,84,62,73,0,0,0,0,0,0,10,0,0,0,0,0,0,,1,,,,,,10,,,,,,33.333332,,,,.8888889,,,,,,,,,,,85,85,1,77,,222.92529,,.62334973,,,,.44332135,.88664275,1.329964,1.329964,4437.6465,8875.2939,13312.94,1,0,25.05584,.0048198998,,,85.282768,,10010,24.25,-76,70.07,.01352564,,,0,0,1,47.200001,25.5,0,27.299999,169376,393248,25196.27,23971.107,,,4267643392,9426590276.79686,25.249491,-.00099643727,.016989088,10.134451,12.039876,,1,0,.83333331,0,,,,,0,3,.87,,,,,,,,,,.77445602,0,,1,63.399986,,,,2,0,,0,0,,,,,,.954,1.5,,0,,,,0,,,.17931035,,,,,
BOL,0,.18888889,5.6363635,7.9266024,0,0,-1.9661129,1,0,4.2626801,92.5,0,5.1999998,0,0,1,.59941179,12,21,27,-3,2,77,93,49,74,0,0,0,0,0,0,30.000002,1,0,0,0,0,14300,.00165,1,61.389999,65.599998,21.5,0,.188889,30.000002,1,3,170,4,3,61.486931,0,0,0,.071428575,26.650803,15.971729,4.2459731,1,453.98001,743.672,623.24799,16.385303,-5,-5,71,71,1,155,.0113571,271.7995,.36000001,.58997166,.62788653,.58225352,.61778611,.27665579,.55331159,.82996738,.82996738,300000,600000,900000,0,1,20.58424,1.2821325,1.453222,.47296271,92.224113,.44879001,1084380,17,-65,29278.26,.1836364,8.2940493,8.4902058,0,0,1,2.3,92.5,0,5.1999998,4484004,11673029,1399.5151,2345.4849,16.388016,,6275431936,27378912014.667,17.353144,.010380835,.019319544,7.2438812,15.316027,6500,0,0,.5,0,316.3302,0,3.4563529,.02513803,0,3,0,1.8761005,.016000001,7.0457764,.015799999,.050000001,.1,.15000001,.1212,.039999999,.88019198,0,38.009998,1,42.799999,.02,.01089,.079999998,0,0,.5395,0,.37200001,.63999999,46.577145,.42809999,3428,.031796999,.96899998,4.1100001,181,1.1900001,0,15.185509,0,1,2169.4307,.015762903,.29655173,1,0,0,.73000002,.20404489
BRA,0,.11111111,7.909091,8.7274542,0,0,-1.1425642,1,0,4.2626801,87.800003,.1,8.0999966,0,0,1,.055780932,25,32,39,10,18,82,87,68,74,1,0,0,0,0,0,55,0,2,.1,0,1,19400,.035999998,1,66.779999,42.400002,23.700001,.092515998,.111111,40,1,1,171,1,3,23.809525,0,0,0,.071428575,46,9.6000004,2,.93123257,315.76401,683.27802,610.33801,20.542032,-9,-9,71,71,1,130,.033296701,245.50893,.2,.58142459,.71527362,.55520362,.6899178,.04728457,.082747988,.11821141,.11821141,400000.03,700000,1000000,0,1,24.686508,.30682787,.2582925,.84269881,150.54657,.62272,8459420,10,-55,576086.5,.071112469,8.1605186,8.6616516,0,0,1,4,87.800003,.1,8.1000004,95113265,212559409,4704.3174,10672.178,20.542032,15.404865,447443009536,2268471792918.29,19.867256,.016518129,.016213089,8.4562359,18.370579,7700,0,0,.33333334,0,116.4905,36.768089,7.235476,.02452847,0,3,0,1.6146245,.017000001,7.4866133,.0041,.059999999,.16,.14,.1199,.02,.90958798,0,48.220001,1,54.900002,.20999999,.4005,.02,0,0,.1485,0,.99800003,.94999999,72.06443,.4357,72594,.028969301,.85799998,3.3900001,97,.12,0,18.679251,0,0,5193.2822,-.016507976,.48965517,.3378,0,0,.090000004,.33406991
CAN,0,.66666669,9.727273,9.9864492,0,0,-.060812157,1,1,2.7788193,46.599998,.60000002,23.200001,1,0,0,.37618759,4,12,39,-37,3,76,90,40,76,0,0,1,0,0,0,98,0,4,7,13,15,185000,0,0,78.980003,6,-.2,.021164,.66666698,99,7,7,128,9,7,50.461567,1,1,1,.95454544,38.400002,46.20776,13.992241,0,1466.67,1567.98,1690.72,21.519423,10,10,16.1,16.1,,17,0,44.393379,.059999999,.63437933,.7248683,.65534198,.71621138,.01099685,.01099685,.02199371,.02199371,99999.969,99999.969,200000.02,1,0,-7.9294114,.3764497,.3955301,0,39.091862,.85712999,9093510,60,-96,458312.91,.11372162,7.3132205,8.7567511,0,0,1,29.6,46.599998,.60000002,23.200001,21324000,38005238,,48617.09,22.198841,22.100386,,1847703996298.69,22.703524,,.011624865,,16.875343,540,1,0,1,0,514.87909,13.4373,1.889658,.01342323,0,5,.61000001,.84285951,.039999999,8.8898592,.036499999,.029999999,.17,.13,.0535,.16,.49688399,0,103.62,0,71.099998,.050000001,0,.029999999,0,0,.4305,.003,.243,1,5.3955011,.33539999,17909,.074990198,.48800001,1,83,0,1,18.682919,0,0,29.111433,.01463953,.18620689,0,0,0,.95999998,0
CHL,0,.33333334,7.818182,9.336092,0,0,-1.3356012,1,0,4.232656,82.099998,0,16.000002,0,0,1,.050625,17,27,37,-4,6,70,93,38,64,1,1,0,0,0,0,50,0,0,0,0,0,21700,0,0,74.940002,12.8,13.4,.660182,.33333299,50,1,1,177,5,7,26.492008,1,1,1,.875,57.200001,26.6,3.8,.18587278,112.301,111.604,1532.05,19.204185,6,6,68.900002,68.900002,1,37,0,162.58899,.14,.57872969,.67198443,.57418042,.65961355,.26709402,.53418803,.80128205,.80128205,200000,400000,600000,0,1,8.4580374,1.1267796,1.222497,0,95.096649,.78215998,748800,30,-71,19768.32,.35664669,8.2940493,8.7020702,0,0,1,1.9,82.099998,0,16,9783134,19116209,4552.2554,14050.176,17.128288,19.823317,44535324672,268586104417.696,20.332216,.022796193,.013487684,8.423378,16.09617,8290,0,0,.83333331,0,98.3452,9.127183,15.93215,.018302141,0,5,0,1.3967396,.023,7.9672804,.0262,.059999999,.12,.2,.15180001,.039999999,.92261398,0,60.490002,1,57.299999,.68000001,0,.16,0,0,.28999999,0,.93099999,1,41.642334,.39390001,7614,.047412701,.95599997,5.7800002,100,.2,0,16.905024,0,1,1734.0839,-.031845376,.28275862,.054000001,.039999999,1,.41999999,0
CIV,1,.088888891,7,7.4442487,0,0,-2.3330443,1,0,6.5042882,18.5,24,52.799999,0,1,1,.85652989,26,31,36,15,20,93,96,71,82,0,0,0,0,0,0,0,0,0,0,0,0,7460,.94999999,1,46.720001,87.300003,26.0907,.171056,.088889003,0,0,1,35,0,1,33.661331,0,0,0,.032258064,5.8866692,2.8361387,1.0761001,1,272.16199,280.47,400.01199,22.495653,-9,-9,668,668,1,177,1,251.2374,.30000001,.73858219,.74001354,.72127211,.72408199,1.1814605,2.7567413,4.3320217,4.3320217,375704.44,876643.75,1377582.9,0,1,26.21883,.28667793,.1299153,1,114.9125,.32791999,318000,8,-5,31005,.051163331,8.1605186,8.1744213,0,0,0,4.6999998,18.5,24,52.799999,5102070,26378275,1940.4015,1714.5406,22.495653,,9900063744,45226626056.5907,16.643806,-.0024719331,.033403669,7.5706501,15.445157,5260,0,0,.16666667,0,83.7062,30.95911,10.78493,.03845283,0,5,0,2.0006688,.0099999998,7.0210838,.035399999,.029999999,.15000001,.12,.078600004,,.90310198,0,90.349998,0,39.5,.18000001,1,.029999999,2,0,.64099997,0,0,,6.6438379,.4084,3799,.023690401,.94,5.8299999,185,0,1,15.263577,0,0,44.140583,7.4505802e-09,.2137931,.64660001,0,0,0,.78289372
CMR,1,.06666667,6.4545455,7.5010819,0,0,-2.5770221,1,0,5.6347895,35,22,24.9,0,0,1,.85204548,25,31,36,14,17,97,98,62,75,0,0,0,0,0,0,0,0,0,0,0,0,31900,.94999999,1,54.73,74.400002,24.433331,.098240003,.066666998,0,0,3,35,0,1,0,0,0,0,.032258064,21.448267,3.2739508,.21813726,1,405.651,453.53101,729.26398,16.027657,-7,-7,280,280,1,161,1,264.02365,.23,.75121886,.75021547,.74432033,.74277151,.19119325,.76477301,1.529546,1.529546,88981.344,355925.38,711850.75,0,1,25.012573,.56137079,.29135349,.91284412,129.9425,.50696999,465400,6,12,59617.742,.11221094,8.0063677,8.0050669,0,0,0,18.1,35,22,24.9,6519754,26545864,930.99023,1490.8296,16.027657,23.800695,6069827584,39575360886.1747,21.082726,.0094612623,.028478727,6.8362489,15.690348,5470,0,0,.5,0,87.861099,19.58585,11.87936,.026343251,0,5,0,1.7404662,.024,6.4630294,.0221,.039999999,.16,.19,.14390001,0,.89931399,0,139.59,0,43.400002,.13,1,.090000004,2,0,.43450001,0,.0070000002,.64999998,6.8889008,.4052,5297,.0347366,.91500002,6.0599999,187,.079999998,1,15.037926,0,0,47.456951,.013976187,.32413793,.86409998,0,0,.16,.24094421
COG,1,.011111111,4.681818,7.420579,0,0,-2.1037343,1,0,5.480639,53.900002,.40000001,20.799999,0,1,1,.66927534,25,32,37,12,19,77,89,54,71,0,0,0,0,0,0,0,0,0,0,0,0,338000,.94999999,1,48.549999,89.5,24.751511,.047892999,.011111,0,5,4,35,0,1,,0,0,0,.032258064,15.508538,4.0712957,.65985215,1,507.80499,530.12201,612.16901,24.210518,-7,-7,240,240,1,181,1,243.52341,.07,.75174141,.75174141,.74440712,.74440712,.19119325,.76477301,1.529546,1.529546,65292.496,261169.98,522339.97,0,1,24.472746,.42508623,.1269713,1,136.22838,.58122998,341500,1,15,4883.4497,.058791962,8.0063677,8.0063677,0,0,0,24.9,53.900002,.40000001,20.799999,1326894,5518092,1799.0472,2049.418,24.210518,24.855225,2387144960,11308876317.4576,33.978302,.0026093703,.028913947,7.4950123,14.098351,6330,0,0,0,0,345.6478,12.39925,2.7932329,.02747309,0,1,0,1.7718968,.025,7.0237589,.031099999,.039999999,.18000001,.31999999,.2669,0,.95125002,0,143,0,47.299999,.050000001,1,.17,2,0,.88300002,0,0,.77999997,5.3445034,.4082,988,.034412999,.70999998,6.5599999,191,.36000001,1,13.919441,1,0,28.563715,.016126819,.11724138,.86199999,0,0,0,.027556401
COL,0,.044444446,7.318182,8.8098631,0,0,-1.3318062,1,0,4.2626801,96.599998,.2,2.3000016,0,0,1,.05579602,14,22,24,4,7,82,88,51,64,0,0,0,0,0,0,25,0,0,0,0,0,57,.14637001,1,70.43,30,22.5,.159722,.044443998,20,4,3,163,3,5,10.119047,1,1,1,.875,56.823887,12.395759,1.9423836,1,200.267,422.64899,329.26599,20.336226,7,7,71,71,1,45,.26169479,253.3493,.33000001,.60769397,.68542349,.60234755,.67332625,.28882256,.57764512,.96274191,.96274191,320448.63,640897.25,1068162.1,0,1,24.957228,.4754667,.7383939,.83117592,215.84845,.54295999,1109500,4,-72,30067.451,.23183145,8.1315308,8.5166502,0,0,1,.89999998,96.599998,.2,2.3,21480064,50882884,2879.2512,7228.4365,20.232285,18.833796,61846499328,367803698280.801,20.042959,.018580357,.017397633,7.9652858,16.882635,4030,0,0,.83333331,0,65.167198,30.34203,15.43562,.02443978,0,3,0,1.6851017,.017000001,7.4289274,.023,.050000001,.1,.1,.059999999,.02,.67720598,0,61.330002,1,53.200001,.28,.26418,.059999999,0,0,.27250001,0,.98000002,.76999998,16.967094,.46329999,15939,.032185201,.91900003,2.1099999,81,0,0,17.105452,0,1,287.88232,.002061933,.34482759,.75330001,.31999999,1,.090000004,.56681317
CRI,0,.11111111,7.0454545,8.7948246,0,0,-1.3586792,1,0,4.3579903,90.5,0,3.6999998,0,0,1,.053214286,21,29,33,9,14,80,92,55,78,0,0,0,0,0,0,20,0,0,0,0,0,0,0,1,76.029999,12.1,25.1,1,.111111,20,0,3,157,10,7,53.0578,1,1,1,.875,68.699997,7.5999999,3.0999999,1,35.730202,35.4753,1025.33,20.53644,10,10,,78.099998,1,110,0,248.29321,.64999998,.61581188,.69448811,.62002093,.68410635,.58738303,1.1747661,1.5663548,1.5663548,29991.777,59983.555,79978.07,0,1,24.907343,.39548084,.5169971,1,241.71835,.17624,51060,10,-84,2251.7458,.37204513,7.8240461,8.6015511,0,0,1,5.8000002,90.5,0,3.7,1847394,5094114,3732.0632,9619.7158,20.53644,15.219325,6894590976,49003930087.0206,21.253969,.019117514,.020493358,8.2247162,14.429287,3575,0,0,1,0,41.310699,29.024679,0,.030175461,0,3,.02,1.6231436,.011,7.6477861,.035,.029999999,.14,.2,.155,.050000001,.97035199,0,82.730003,1,61.900002,1,.00088000001,.039999999,0,0,.63800001,0,.89099997,.95999998,11.816386,.47400001,1236,.032362498,.80299997,1,91,0,0,14.767422,0,1,139.627,-.027087498,.32413793,.000099999997,0,0,.41999999,.2598258
DOM,0,.21111111,6.181818,8.3640423,0,0,-1.5798792,1,0,4.8675346,96.599998,0,2.0000014,0,1,1,.010830564,26,33,37,15,20,88,92,58,66,0,0,0,0,0,0,25,0,0,0,0,0,0,0,1,70.610001,33.599998,25.6,1,.21111099,25,1,3,151,1,3,13.155673,0,1,1,.071428575,45.899998,12.1,1.9,1,29.725,30.183901,1013.64,19.139626,-3,-3,130,130,1,116,0,251.88348,.92000002,.61540747,.73029333,,,.44332135,.88664275,1.329964,1.329964,21447.887,42895.777,64343.66,0,1,24.553793,.31058496,.59385413,1,125.97045,.033319999,48380,19,-70.666664,10958.069,.31631872,7.3132205,8.5335646,0,0,1,1.4,96.599998,0,2,4499722,10847904,1699.0308,7389.6904,19.143454,25.381662,7645166080,80162653484.64011,21.560818,.029837022,.017754903,7.4378133,15.319526,2420,0,0,.83333331,0,14.9737,78.668869,0,.026828609,0,3,0,1.8143361,.039000001,7.0859013,.0187,.050000001,.17,.18000001,.1203,.0099999998,.95688802,0,90.57,1,52.200001,1,.93800002,.02,0,0,.43099999,0,.87,.98000002,11.294231,.4682,3231,.0303312,.80400002,2.1700001,129,.36000001,0,15.166449,0,0,127.55966,.065232515,.17931035,0,.039999999,1,0,0
DZA,1,.31111112,6.5,8.3893595,0,0,-1.1147417,1,0,4.3592696,.5,99.099998,.40000153,0,1,1,.29372403,21,24,42,0,1,67,75,57,66,0,1,0,0,0,0,0,0,0,0,0,0,339000,0,0,68.889999,43.799999,19.299999,.047185998,.311111,13,0,2,33,0,1,0,0,0,0,0,13,2.2,.30000001,.16665584,765.92999,765.875,1353.35,36.649071,-9,-9,,78.199997,1,152,0,209.10266,.039999999,.73800051,.73800051,.73379397,.73379397,.83972222,.83972222,.62979168,.62979168,2000000,2000000,1500000,0,1,22.768929,.56261605,.32688481,0,8.6701946,.86241001,2381740,28,3,76692.031,.084361471,8.2940493,8.2940493,0,0,0,0,.5,99.099998,.40000001,14464992,43851043,2708.4641,4362.7397,36.649071,44.829311,39177912320,191310679011.5789,35.401039,.0095799668,.022429178,7.9041371,16.487242,1675,0,0,.16666667,0,220.53149,74.740028,1.552617,.028417081,0,0,0,2.0031004,.029999999,7.4518223,.0297,.23,.15000001,.17,.1073,0,.76424801,0,97.959999,0,47.299999,.050000001,.090000004,.2,2,1,.46950001,0,.83600003,.46000001,6.4510531,.4373,10800,.0385185,.93300003,5.8299999,190,.12,1,16.739124,1,0,41.616085,.10014485,.3586207,.12864999,0,1,0,0
ECU,0,.022222223,6.5454545,8.4701014,0,0,-1.4396951,1,0,4.2626801,96.400002,0,1.6999985,0,0,1,.32535714,15,26,30,0,4,80,94,40,60,0,0,1,0,0,0,30.000002,0,0,0,0,0,141,.11894999,0,69.519997,45.599998,19.1,.368411,.022221999,30.000002,1,3,165,1,3,33.928574,0,0,0,.071428575,53.762379,9.4810944,2.2228687,1,185.354,188.69,623.703,15.531661,0,0,71,71,1,139,.19597401,273.24512,.51999998,.60609674,.65408444,.59835434,.64285749,.72243893,1.4448779,2.1673169,2.1673169,200000,400000,600000,0,1,22.407665,.74211675,1.0381629,.51255172,155.37218,.34266999,276840,2,-77.5,16167.456,.35542932,8.2940493,8.502429,0,0,1,1.9,96.400002,0,1.7,6069375,17643060,2487.7336,4628.3169,19.559916,23.117458,15098988544,81657668887.567,23.39517,.012493826,.021571102,7.8191276,15.618766,4580,0,0,.66666669,0,62.7328,30.306219,11.7418,.029480901,0,3,0,1.8481398,.021,7.2868762,.0155,.079999998,.11,.17,.13250001,.029999999,.78425801,0,26.540001,1,53.400002,.38,.21349999,.1,0,0,.40149999,0,.71399999,.82999998,15.709707,.44819999,4413,.0401088,.98299998,3.72,113,.56,1,15.679187,0,1,246.79491,.030228086,.3862069,.46939999,0,0,.83999997,.38907331
EGY,1,.30000001,6.7727275,7.9515595,0,0,-1.6766466,1,0,4.2165623,.2,81.800003,17.799997,1,0,1,.023061818,24,31,47,1,17,50,70,18,41,0,1,0,0,0,0,0,0,0,0,0,0,111000,0,0,66.269997,50.5,22.6,.239163,.30000001,0,0,1,184,7,7,11.904762,0,0,0,0,4.0548263,4.4393835,2.6947265,.19827393,224.202,331.36401,297.883,13.94847,-7,-7,67.800003,67.800003,1,109,0,223.94995,.00416,.75570923,.7563203,.76004946,.76076943,4.0182834,5.0228539,4.0182834,4.0182834,4000000.3,5000000,4000000.3,0,1,22.031137,.27134579,.215203,0,2.910641,.37523001,995450,27,30,27972.145,.090162531,8.8818359,8.8648882,0,0,0,.2,.2,81.800003,17.799999,34513851,102334403,730.42303,3058.3108,14.602074,13.821306,25209710592,312970401488.285,20.253242,.029053949,.021975689,6.5936236,17.356871,3250,1,0,.16666667,0,38.401699,64.096619,21.52594,.023792241,0,1,0,1.8023697,.061999999,6.6957989,.045000002,.0099999998,.20999999,.28,.177,.050000001,.67591,0,287.26999,0,46.400002,.38999999,.028000001,.029999999,1,0,.35800001,.066,.97000003,.66000003,9.2147703,.42429999,25922,.0328293,.72899997,5.1100001,168,.16,1,16.858646,0,0,84.911995,.010265417,.40689656,.124875,.079999998,1,0,0
ETH,1,.088888891,5.7272725,6.1092477,0,0,,1,0,3.2580965,.69999999,31.4,64.099998,0,0,1,.67708248,17,27,34,0,7,56,86,33,73,0,0,0,0,0,0,0,0,0,0,0,0,0,.551,1,43.32,116,,.021018,.088889003,0,0,1,49,5,7,17.132717,0,0,0,.032258064,,,,1,492.78,492.89301,1911.5699,,-9,-9,26,26,1,127,.58062732,298.47333,.41999999,.77430111,.77430111,.78256762,.78256762,.45413262,.90826523,1.8165305,1.8165305,454132.63,908265.25,1816530.5,0,1,23.64513,1.1027966,.63615692,.21464109,63.285618,.48963001,1000000,8,38,100000,.24749132,8.2940493,8.2940493,0,0,0,3.8,.69999999,31.4,64.099998,28415080,114963583,,623.09515,,30.752153,,71633249861.67931,8.9622364,,.028348286,,17.16243,5740,0,0,.16666667,0,41.3377,18.25667,25.69841,.022771521,0,0,0,1.7599248,.022,5.5490761,.0094999997,.0099999998,.1,.16,.13249999,0,.340666,0,137.92,0,42.200001,.02,.85000002,0,0,0,.2465,.36300001,.0020000001,.07,5.8077378,.44510001,24191,.0254227,.98299998,6.6700001,98,.72000003,0,15.642812,1,0,33.72982,-.038946468,.10344828,.94919997,1,1,0,.26295441
GAB,1,.011111111,7.818182,8.9078827,0,0,-1.8515095,1,0,5.6347895,65.199997,.80000001,15.200004,0,1,1,.79666668,27,33,37,17,19,85,95,69,79,0,0,0,0,0,0,0,0,0,0,0,0,579000,.94050002,1,52.419998,87.300003,24.5,.26179099,.011111,0,0,2,35,0,1,0,0,0,0,.032258064,14.002131,2.5632641,.87664157,1,236.024,240.752,595.01398,31.955299,-9,-9,280,280,,170,1,237.3978,.18000001,.74879223,.74937433,.73928201,.74064463,.19119325,.76477301,1.529546,1.529546,49264.766,197059.06,394118.13,0,1,24.688751,.37423849,.2085247,1,156.95178,.49673,257670,1,11.75,3246.6421,.085562453,8.0063677,8.0213051,0,0,0,18.799999,65.199997,.80000001,15.2,589317,2225728,7205.8701,8839.7598,31.955299,21.613737,4246541824,19674901724.7247,31.310759,.0040956391,.026933834,8.8826513,13.286719,5790,0,0,.16666667,0,530.18518,3.4386129,1.382892,.030233029,0,5,0,1.4379376,.0099999998,7.4894123,.022399999,.13,.15000001,.090000004,.060600001,0,.877262,0,115.11,0,40.900002,.27000001,1,.22,2,1,1.0549999,0,.059999999,1,6.9129987,.32460001,486,.063786,.91000003,6,169,.12,0,13.675621,0,0,47.789551,.073570676,.23448277,.61979997,0,0,0,.1669023
GHA,1,.088888891,6.2727275,7.36518,0,0,-2.9565115,1,0,6.5042882,18.700001,15.7,39.799999,1,0,0,.70607078,27,32,38,15,21,95,97,61,77,1,0,0,0,0,0,0,0,0,0,0,0,30,.94999999,1,60,65.800003,26.35758,.192991,.088889003,0,0,1,35,0,1,20.319418,1,1,1,0,5.8000002,16.1,.40000001,1,277.57101,278.51001,748.37402,14.1504,3,3,668,668,1,64,1,254.76007,.44999999,.74177074,.74189049,.72738713,.72764099,1.1814605,2.7567413,4.3320217,4.3320217,268829.53,627268.94,985708.25,1,0,27.243994,.18577497,.081002541,.82888049,100.88946,.24519999,227540,8,-2,39500.945,.05559295,8.1605186,8.156682,0,0,0,25.799999,18.700001,15.7,39.799999,8735493,31072945,1077.1395,1848.2502,14.16556,,9409345536,57430579781.1731,17.95718,.010857124,.025703648,6.9820642,15.982905,5190,1,0,.16666667,0,33.590199,77.207809,24.166161,.02727602,0,3,0,1.9028535,.017999999,6.7957058,.026000001,.02,.13,.11,.064999998,0,.82149601,0,158.22,0,45.200001,.19,1,.02,2,0,.3845,0,0,.38,25.81073,.44589999,6774,.025391201,.99400002,5.8899999,248,.55000001,0,15.616552,0,0,666.19379,.029546417,.31034482,.5747,0,0,.22,.92404348
GIN,1,.12222222,6.5454545,7.4899707,0,0,-3.1465552,1,0,6.1800165,1.1,69,29.799999,0,1,1,.75983,27,31,36,17,21,83,94,63,87,0,0,0,0,0,0,0,0,0,0,0,0,0,.94999999,1,46.5,124,24.43889,.140641,.122222,0,0,1,37,0,1,,0,0,0,.032258064,,,,1,280.026,307.53,309.845,,-9,-9,483,483,,178,1,263.10999,.56999999,.73090291,.73179257,.71094382,.71273649,1.1814605,2.7567413,4.3320217,4.3320217,290308.47,677386.44,1064464.4,0,1,25.785257,.38598803,.2020994,.98785782,146.57538,.16654,245720,11,-10,9755.084,.082875773,8.0864105,8.0556335,0,0,0,.1,1.1,69,29.799999,4154606,13132792,,959.9787,,20.201803,,12607200647.3579,21.423872,,.023284851,,15.239728,4920,0,0,0,0,78.354599,26.939131,12.10934,.019178269,0,5,0,,.025,6.3261495,,,.075000003,.094999999,,0,.51112801,0,156.67999,0,,.17,1,.079999998,2,0,.2965,0,0,,,.41429999,3136,.0248724,,7,,.16,,14.376853,0,0,,,.36551723,.7507,0,0,.2,.45247969
GMB,1,.14755556,8.272727,7.2723985,0,0,-3.0365543,1,0,7.2930179,1.9,84.800003,12.899997,1,0,0,.78037035,24,33,41,7,21,66,95,26,78,0,0,0,0,0,0,0,0,0,0,0,0,0,.94999999,1,47,122,25.66596,.39976999,.14755601,0,10,7,30,0,1,0,1,0,0,.40000001,1.1849912,3.3033004,.22021535,1,26.2397,139.565,36.579102,6.889812,8,8,1470,1470,1,147,1,262.70001,.46000001,.72862339,.72858971,.70749897,.70749897,1.1814605,2.7567413,4.3320217,4.3320217,11814.605,27567.412,43320.219,1,0,27.913797,.033435531,.01448308,.99262899,78.245056,.079800002,10000,13.466666,-15.5,2850,.01265083,8.0063677,8.0121841,0,0,0,.40000001,1.9,84.800003,12.9,464404,2416664,743.21649,791.95386,6.8898578,,345152704,1913886426.74237,14.152801,.0012711234,.033537898,6.6109872,13.048511,4660,1,0,.83333331,0,28.4091,63.06274,25.306009,.030003591,0,5,0,1.8718022,0,6.4002576,.0211,.0099999998,.22,.2,.1759,0,.67859203,.001,162.64,0,32.299999,1,1,0,2,0,.685,0,0,.12,9.081665,.39449999,352,.03125,1,2.4400001,150,.050000001,0,12.263888,0,0,82.476639,-.0063178912,0,.36050001,0,0,.22,.64787108
GTM,0,.17,5.1363635,8.2940493,0,0,-1.5606477,1,0,4.2626801,94,0,1.0999999,0,0,1,.47666666,19,28,32,5,12,81,92,51,72,0,0,0,0,0,0,20,0,0,0,0,0,2700,.0036000002,1,64.040001,46,21.700001,.42545801,.17,20,1,1,156,0,1,36.003151,1,1,1,0,22.328499,4.0269165,.91413838,1,104.895,105.096,1494.16,12.82563,1,1,71,71,,93,.0153678,253.56439,.89999998,.6218456,.64961517,.63227004,.65323633,.58738303,1.1747661,1.5663548,1.5663548,63689.941,127379.88,169839.84,0,1,23.989914,.56918633,.64560729,.67501742,173.66359,.065729998,108430,15.5,-90.25,13954.94,.31236568,8.1605186,8.3640156,0,0,1,4.9000001,94,0,1.1,5455197,16858333,1897.2975,3263.6692,12.82563,12.934128,10350132224,55020023100.3896,15.153063,.01090749,.022822054,7.5481858,15.512079,3300,0,0,.66666669,0,27.353701,72.559303,19.59408,.027945859,0,3,0,1.878243,.0089999996,7.4145727,.0156,.02,.090000004,.090000004,.0634,.02,.98807198,0,74.07,1,45.900002,.41999999,.020400001,0,0,0,.3795,0,.588,.44999999,7.8087468,.46000001,3964,.026488399,.72000003,4,109,.50999999,0,15.699582,0,1,60.976528,-.02144099,.43448275,.31439999,.079999998,1,.41999999,.1227499
GUY,0,.055555556,5.8863635,7.9047041,0,0,-2.2537949,1,0,3.4713452,18,9,55,1,0,0,.23777778,27,31,34,20,22,83,93,69,77,0,0,0,0,0,0,2,0,0,0,0,0,0,.49503002,1,,,,,,2,5,7,29,0,1,0,0,0,0,.071428575,77.599998,9.1999998,1,1,229.74001,233.476,494.27701,22.759521,1,1,32.18,32.18,1,114,.50836283,254.46576,.46000001,.60184723,.7251178,.57957023,.71765924,,,.22891153,.22891153,,,45061.234,1,0,25.649641,.28444839,.188179,1,191.27516,.23073,196850,5,-59,4803.1401,.10810692,8.2427559,8.678978,0,0,1,18,18,9,55,704930,786559,2948.8477,8741.1611,22.759521,,2078731136,6875438717.59033,27.125898,.021970443,.0021937874,7.9891696,13.465854,,1,0,.83333331,0,377.8559,,,.01227279,0,1,.81999999,1.5924952,.033,7.3752556,.028999999,.12,.16,.23,.17,0,.33991799,.25,52.43,1,60.200001,,,.090000004,2,0,1.165,0,0,1,9.4220181,.4851,569,.0333919,.96899998,4.2800002,117,0,0,13.719136,1,0,88.774422,.040546507,.27586207,,0,0,.16,
HKG,0,.24611111,8.136364,10.04975,0,1,-.49758044,1,0,2.7013612,7.9000001,.5,84.099998,1,0,0,.23682119,21,26,36,0,22,73,87,60,78,0,0,0,0,0,0,0,0,0,0,0,0,0,0,0,,,22.6,1,.24611101,4,,,,,,,,,,,,,,,,,,,,,14.9,14.9,1,2,0,211.68283,,.69421697,.69830281,,,,,,,,,,1,0,22.43981,.074618198,,,165.05336,,1042,,114.16666,,.092036352,8.5171928,9.0911064,0,0,0,7.5,7.9000001,.5,84.099998,3959000,7481800,5796.1904,35587.563,20.405954,18.951168,22947119104,266259032492.164,25.636467,.036962643,.012811005,8.6649561,15.191502,2940,1,.30000001,.83333331,.30000001,.322,3729.293,0,.02176398,1,5,0,1.2438664,.0040000002,7.7173514,.016799999,.02,.079999998,.039999999,.0162,.039999999,.80589002,.001,70.599998,0,66,1,.046,0,0,0,1.693,0,.98000002,.87,6.2092066,.40889999,3075,.0279675,.041000001,3.6099999,116,0,1,15.748411,0,0,38.554245,.0174,0,0,0,0,1,0
HND,0,.16666667,5.318182,7.6870804,0,0,-2.040221,1,0,4.3579903,95.800003,.1,1.499997,0,0,1,.097359307,22,25,30,14,18,79,91,43,70,0,0,0,0,0,0,20,0,0,0,0,0,0,.012,1,69.400002,35,25.4,.66860199,.166667,20,1,3,156,6,5,37.878784,0,0,0,.071428575,37.718422,4.6772838,.77799672,1,79.853897,79.362396,1344.3101,20.885201,-1,-1,78.099998,78.099998,1,125,.1,249.24216,.73000002,.62012899,.67118829,.62766987,.66693634,.58738303,1.1747661,1.5663548,1.5663548,65722.289,131444.58,175259.44,0,1,24.717607,.45841724,.40277442,.63979107,173.34843,.17914,111890,15,-86.5,10685.495,.25932127,8.0063677,8.5019398,0,0,1,2.5999999,95.800003,.1,1.5,2716652,9904608,1309.8032,2010.5449,20.885201,18.721138,3558279680,19913659065.4369,22.152048,.008607409,.026209582,7.1776323,14.814911,3220,0,0,.66666669,0,57.824299,21.19768,17.77783,.033245001,0,3,0,1.9945643,.017000001,6.9460139,.0211,.029999999,.14,.15000001,.1109,.0099999998,.9418,0,72.949997,1,46.799999,.67000002,.00324,.0099999998,0,0,.61500001,0,.84299999,.67000002,5.7954087,.45590001,1935,.022739001,.91900003,4.0599999,156,.31999999,1,14.513877,0,1,33.586761,-.0287682,.13793103,.3687,.079999998,1,.36000001,.1319818
HTI,0,.21111111,3.7272727,7.1467724,0,0,-2.8647039,1,0,4.8675346,82.599998,0,4.6000013,0,1,1,.064404763,27,34,38,16,20,68,79,43,56,0,0,0,0,0,0,0,0,0,0,0,0,0,1,1,53.75,67.699997,26.58033,1,.21111099,0,0,1,175,0,1,,0,0,0,.071428575,12.400001,3.8,.30000001,1,24.8002,24.7766,924.24597,,-9,-9,130,130,1,174,1,252.93021,.91000003,.61660665,.74464405,,,.44332135,.88664275,1.329964,1.329964,12217.937,24435.875,36653.809,0,1,24.58881,.33877847,.32325119,1,121.11575,.059939999,27560,19,-72.416664,7799.48,.4382177,6.9077554,7.9694366,0,0,1,12.8,82.599998,0,4.5999999,4676237,11402533,1354.0162,1188.2958,,12.066192,6331700736,13549581658.1937,16.606728,-.0026076939,.017986683,7.2108302,15.358005,2500,0,0,.16666667,0,7.2392998,150.3266,0,.017616769,0,3,0,1.7801929,.025,6.828712,.0153,0,.090000004,.16,.1177,0,.90860802,0,100.91,1,42.400002,1,1,0,0,0,.29100001,0,.075000003,.46000001,6.4471321,.4093,3807,.050433401,.74400002,6.5,114,.16,0,15.073309,0,0,41.565514,-.0288,.15862069,0,.2,1,0,.2065545
IDN,0,.055599999,7.590909,8.0709057,0,1,-2.2072749,1,0,5.1357985,2.7,43.400002,49.099998,0,0,1,.74219751,28,33,37,19,21,90,95,61,75,0,0,0,0,0,0,0,0,0,0,0,0,29700,.17873,1,65.129997,48.400002,26.799999,.74576002,.055555999,0,0,1,50,0,1,57.14286,0,0,0,0,39.099998,5.0999999,.5,1,76.184502,76.118896,2140.52,15.831714,-7,-7,170,170,1,128,.45168129,273.71814,.33000001,.68180293,.68214208,,,1.1040148,2.0700276,4.2780571,4.2780571,2000000,3750000,7750000,0,1,25.852055,.25174856,.45376769,.87726849,211.53783,.44621,1811570,5,120,205069.72,.26380318,8.2940493,8.3187418,0,0,0,4.8000002,2.7,43.400002,49.099998,114793179,273523621,772.1297,4312.353,13.622754,32.367462,88635219968,1179530430084.12,23.682428,.035000313,.017516769,6.6491523,18.558643,5800,0,.0099999998,.33333334,0,18.8325,76.172348,8.9722328,.021886369,1,3,0,1.6932274,.041999999,6.4583383,.0174,.050000001,.1,.13,.0656,.0099999998,.38044399,.02,40.189999,0,41.5,.75,.41677999,.12,2,1,.29800001,0,.0089999996,.70999998,36.551254,.40000001,96194,.033359699,.986,5,98,.28,1,17.932461,0,0,1335.994,.073570684,.068965517,.044,.039999999,1,.56,.44652471
IND,0,.22220001,8.272727,7.3260002,0,1,-2.453408,1,0,3.8842406,1.3,11.6,86,1,0,0,.69056785,24,28,46,-1,22,35,80,19,64,1,0,0,0,0,0,0,0,0,5,0,7,6750,.23596001,0,62.59,72.300003,25.9,.156776,.222222,0,9,7,45,0,1,5.3571429,1,1,1,1,22.700001,3.9000001,1.1,.5121367,342.61499,463.79401,847.383,15.317875,9,9,48.630001,48.630001,,132,.33260229,232.94775,.5,.72227544,.72220767,.71849573,.71848452,8.7759151,19.874866,25.811514,25.811514,26092464,59091756,76742536,1,0,23.031626,.71149933,.92038518,.3409535,97.089554,.28275999,2973190,20,77,1605522.6,.16869503,9.047821,9.0449352,0,0,0,1.1,1.3,11.6,86,555189797,1380004385,396.01169,1961.2987,16.653141,28.420298,219861647360,2706600821780.82,25.543957,.03251582,.018377462,5.9814439,20.134821,5860,1,.0099999998,.66666669,0,6.7213998,238.64841,153.134,.02211792,0,3,0,1.7611284,.028000001,6.6411819,.021,.050000001,.090000004,.33000001,.28099999,.029999999,.68408602,.815,57.240002,0,42.5,.25,.13186,.02,2,0,.094999999,.001,0,.61000001,7.2935338,.39739999,442344,.034321699,.47999999,2,94,.12,0,19.641026,0,0,53.195637,-.019845098,.24827586,.39289999,.039999999,1,.02,.45924529
JAM,0,.20166667,7.090909,8.1886892,0,0,-2.040221,1,0,4.8675346,9.6000004,.1,34.799999,1,0,0,.0125,26,33,36,14,20,77,88,61,73,0,0,0,0,0,0,10,0,0,0,0,0,0,0,1,74.82,21.9,26.5,1,.201667,1.9,10,7,36,0,1,29.031532,1,1,1,.875,86.800003,6.9000001,1.1,1,12.2525,12.2341,841.10797,31.539383,10,10,130,130,1,90,0,256.85617,,.61832619,.74279803,,,.44332135,.88664275,1.329964,1.329964,4801.1704,9602.3408,14403.511,1,0,25.934616,.24625112,,1,153.08659,,10830,18.25,-77.5,1740.381,.34284833,6.9077554,8.0719042,0,0,1,55.5,9.6000004,.1,34.799999,1875637,2961161,4590.0483,4357.9604,31.539385,24.405205,8609264640,12904621963.6359,24.437389,-.0010371897,.0091744913,8.4316454,14.444459,2560,1,0,.83333331,0,6.6483002,162.51151,0,.01432883,0,5,.94,1.6641155,.0040000002,7.4804282,.020099999,.090000004,.1,.07,.040899999,.02,.83092397,.003,85.120003,1,63,1,0,.090000004,2,0,.75700003,0,0,.92000002,11.507174,.41710001,1629,.042971101,.47099999,1.72,139,0,0,14.87615,0,0,132.41505,.024116211,.1724138,0,.039999999,1,.41999999,0
KEN,1,.011111111,6.0454545,7.0561752,0,0,-2.8824036,1,0,4.9767337,26.4,6,48.300003,1,0,0,.82696486,18,26,31,5,11,74,89,40,62,1,1,0,0,0,0,0,0,0,0,0,0,0,.79799998,1,52.040001,65.5,22.6,.082503997,.011111,0,5,5,32,0,1,14.246957,0,0,0,.032258064,20.5,3.0999999,.5,1,434.26501,434.53101,2497.8501,24.396675,-7,-7,145,145,1,121,.84483522,291.51532,.23999999,.76549602,.76516187,.77107263,.77020288,.17570369,1.4056295,2.6355555,2.6355555,100000,800000,1500000,1,0,24.445189,.79257125,.61391258,.49074391,62.469723,.54907,569140,1,38,45018.973,.17643383,8.1605186,8.186882,0,0,0,19.299999,26.4,6,48.299999,11301394,53771300,598.4574,1206.2216,24.396675,15.666205,6763403264,64860101745.4384,20.167274,.014116565,.031687979,6.3943553,16.240437,6650,1,0,.5,0,68.307701,13.07549,17.493891,.035653651,0,5,0,2.0794415,.003,6.4907236,.0361,.039999999,.16,.15000001,.1119,0,.92086399,.0049999999,55.740002,0,45,.079999998,.98000002,0,2,0,.60600001,0,0,.47,8.1730299,.49700001,8332,.0411666,.87400001,5.3299999,131,.050000001,1,15.518582,0,0,66.798416,-.019574456,.31724137,.93519998,0,0,.039999999,.40146959
LKA,0,.077777781,6.0454545,7.7319307,0,1,-1.8643302,1,0,4.2456341,6.8000002,7.1999998,85.599998,1,0,0,.32574692,27,31,36,15,22,71,80,66,78,0,0,0,0,0,0,0,0,0,0,0,0,0,.138,1,73.110001,17.6,27.6,.99361998,.077777997,0,7,7,47,0,1,27.285004,1,1,1,1,39.900002,35,1.2,1,38.9524,38.931801,1848.64,18.947599,8,8,69.800003,69.800003,,81,.1753118,275.70676,.68000001,.71284485,.71331632,,,4.6418071,12.378153,15.472691,15.472691,300000,800000,1000000,1,0,27.172689,.10254448,.29242229,1,140.75883,.14596,64630,7,81,8951.2549,.089741342,8.5171928,8.5515947,0,0,0,.40000001,6.8000002,7.1999998,85.599998,12485736,21919000,711.83954,3845.6831,18.947599,25.235312,8887840768,84293528650.4606,23.568651,.034312628,.011318919,6.5678525,16.340097,6850,1,.69,.66666669,0,6.5355,171.5903,351.34851,.01905157,0,2,.0099999998,1.4881738,.0099999998,7.138073,.038199998,.059999999,.15000001,.23999999,.1928,.0099999998,.41670001,.233,124.85,0,62.299999,.99000001,.037999999,.0099999998,2,0,.60949999,0,0,.94999999,7.5857573,.42070001,9889,.036201801,.986,2.4400001,51,.079999998,1,16.337252,0,0,57.543713,-.030010462,.2,.0471,.039999999,1,.40000001,.6367116
MAR,1,.35555556,7.090909,8.0423784,0,0,-1.6766466,1,0,4.3592696,.2,99.400002,.39999849,0,1,1,.34797192,24,27,48,0,12,87,92,59,72,1,0,0,0,0,0,1,0,0,0,0,0,0,0,0,66.639999,51,18.5,.36785799,.35555601,1,1,1,195,1,1,11.276258,0,0,0,0,3.192585,1.5447992,0,0,178.334,177.80099,638.87201,18.48559,-9,-9,78.199997,78.199997,,97,0,191.13016,.16,.73347205,.73287797,.72457242,.72327393,2.2406454,4.4812908,3.3609679,3.3609679,1000000.1,2000000.1,1500000,0,1,19.848238,.55465925,.56229329,0,18.296021,.56405002,446300,32,-5,87653.32,.15949517,8.1605186,8.2426243,0,0,0,0,.2,99.400002,.40000001,16004732,36910558,1019.252,3126.9641,18.48559,29.222961,16391215104,117285818085.103,25.759447,.022673085,.016852695,6.9268241,16.588394,2175,0,0,.5,0,38.3881,51.219379,17.418011,.025558921,0,3,0,1.9362926,.027000001,6.7031879,.0305,.02,.14,.12,.063500002,0,.93022197,0,120.1,0,46.900002,.38,0,.029999999,2,0,.396,0,.74000001,.47,5.8099999,.44870001,11626,.025890199,.903,4.1700001,123,.079999998,0,16.064188,0,0,33.7561,.031845376,.27586207,0,.44,1,.44,0
MDG,1,.22222222,4.4545455,6.8351846,0,0,-3.1941831,1,0,6.2842088,26,1.7,50.299999,0,1,1,.062748641,18,27,35,1,12,85,94,49,71,1,0,0,0,0,0,0,0,0,0,0,0,0,.94999999,1,57.509998,82.5,23.299999,.57096398,.222222,0,3,4,35,0,1,0,0,0,0,.032258064,,,,.87653255,97.816597,97.659599,1631.05,9.9127178,-1,-1,536.03998,536.03998,,142,1,252.26431,.25999999,.74976611,.74964333,,,,.34391442,1.2037005,1.2037005,,199999.98,700000,0,1,22.741579,.43230367,.43822891,.4839859,130.64284,.3775,581540,20,47,29018.844,.16979755,7.6009026,7.6172676,0,0,0,22,26,1.7,50.299999,6576305,27691019,853.63147,458.81494,9.9127178,,5613741056,12705052902.8462,18.222595,-.012340279,.029170051,6.7494998,15.698983,8940,0,0,.66666669,0,109.5385,8.6534843,12.95668,.026985601,0,1,0,1.8857051,.013,7.0825486,.0206,.029999999,.2,.14,.1054,0,.44097799,0,207.92999,0,41,.56999999,1,.079999998,2,0,.37200001,0,0,.51999998,9.2344065,.41100001,5309,.028065501,.92799997,5.2199998,120,.1,0,15.659707,0,0,85.274269,-.011247791,.20689656,.48897001,0,0,0,.1242512
MEX,0,.25555557,7.5,8.9437675,0,0,-.83701754,1,0,4.2626801,94.699997,0,4.1000032,0,0,1,.17407407,16,23,32,-3,9,66,86,26,54,0,1,0,0,0,0,15.000001,0,0,0,13,4,570000,.00042,1,72.18,31,19,.37255001,.25555599,15.000001,1,3,173,0,1,26.190475,0,0,0,.071428575,53.446392,6.7500763,2.3512316,.47181982,207.121,207.17,1224.54,22.725298,-6,-6,71,71,,48,.041130401,227.77446,.44,.6286276,.66654986,.6444447,.67033178,.78587931,1.5717586,2.6195977,2.6195977,1527710.1,3055420.3,5092367,0,1,21.171274,.81281722,.7843163,.20183159,61.877071,.48841,1943950,23,-102,252519.09,.24386849,8.3187418,8.5153732,0,0,1,1.2,94.699997,0,4.0999999,51493565,128932753,5524.2725,9322.3359,22.739189,19.213943,284464480256,1201954407872.7,21.763903,.010520185,.018526202,8.6169071,17.756968,3360,0,0,.66666669,0,51.881901,17.430639,24.489981,.02852864,0,3,0,1.86377,.0070000002,7.95015,.0134,.059999999,.07,.059999999,.0436,.029999999,.97621799,0,55.77,1,57.299999,.37,.00013,.029999999,0,0,.1605,0,.88,.80000001,22.686235,.4562,38020,.0330089,.67500001,3.6700001,71,0,0,18.496017,0,1,514.66528,0,.5103448,.36774999,0,0,.2,.1124655
MLI,1,.18888889,4,6.5652652,0,0,-3.3524072,1,0,7.986165,.69999999,80,19.1,0,1,1,.80856913,29,36,47,8,19,33,94,18,73,0,1,0,0,1,0,0,1,0,0,0,0,0,.94050002,1,53.299999,118,29.299999,0,.188889,0,0,3,35,0,1,0,0,0,0,.032258064,3.4827788,.45440128,.16855828,.96252501,1036.45,1074.26,1163.95,15.277317,-7,-7,2940,2940,1,151,.98992378,260.14401,.11,.73571444,.73556399,.71974504,.71960372,.20958605,.41917208,.62875813,.62875813,255734.81,511469.59,767204.38,0,1,28.583412,.32844955,.081092782,.0371712,28.79528,.74452001,1220190,17,-4,46367.219,.02670587,8.0063677,8.0111895,0,0,0,.2,.69999999,80,19.1,5949042,20250834,360.78973,755.90289,15.277317,14.304619,2146353280,15307664127.9981,18.75157,.0149023,.024801889,5.8882952,15.598741,4500,0,0,.16666667,0,278.9006,0,3.9256179,.02451561,0,1,0,1.8916048,.028000001,6.2822666,,.0099999998,.1,.2,.121,0,.57999998,0,98.68,0,35.900002,0,.80000001,.0099999998,2,0,.31099999,0,.012,.1,6.751832,.43419999,4375,.0235429,.89399999,6.8899999,127,.23999999,0,14.665929,0,0,45.587234,-.017520402,.14482759,1,0,0,.16,.4011322
MLT,0,.39444444,7.2272725,9.427063,1,0,-.77002823,1,0,2.7911651,97.300003,0,2.1999969,1,0,1,.10333333,23,22,40,5,18,71,78,59,68,0,0,0,0,0,0,100,0,0,0,0,0,0,,0,,,,,,,,,,,,,1,1,1,.95454544,54.81102,19.151588,3.2565928,,,,,30.026821,,,16.299999,16.299999,1,102,,151.79025,,.735888,.73571986,,,,31.25,62.5,62.5,,10000,20000,0,1,17.768229,.148625,,,38.688023,,320,35.833332,14.433333,80,.28056249,8.9359035,8.9291439,1,0,0,.5,97.300003,0,2.2,302650,525285,3324.6184,26013.506,30.026842,23.419884,1006195776,13664504216.412,23.95537,.042003412,.011088303,8.1091099,12.620333,,1,0,.83333331,0,1.5197999,,,-.00039761001,0,2,0,.72367638,.013,7.2254815,.0361,.059999999,.23999999,.23,.1779,.02,.80554599,0,100.85,0,69,,,.039999999,2,0,1.3865,.001,0,1,3.4801333,.36809999,329,.072948299,.214,1.5599999,79,0,0,13.02154,0,0,12.111328,-.02131759,.3862069,,0,0,.47,
MYS,0,.025555555,7.9545455,8.8942585,0,1,-1.3205067,1,0,2.8735647,2.8,49.400002,46.399998,1,0,0,.6103704,28,35,37,18,21,95,97,58,66,0,0,0,0,0,0,0,0,0,0,0,0,192000,.23331,1,72,11.4,26.700001,.79440701,.025556,0,10,7,38,0,1,52.952671,0,0,0,0,39.595062,10.687951,1.4599288,1,71.732697,71.505501,1061.3,20.188637,1,1,17.700001,17.700001,1,12,.2543278,271.03558,.27000001,.68923157,.69374394,.67762929,.68886495,.30374825,.6074965,1.214993,1.214993,99796.484,199592.97,399185.94,1,0,26.028496,.23076233,.2876175,.83273602,233.9334,.18203001,328550,2.5,112.5,18201.67,.17829835,8.4118328,8.6932449,0,0,0,1.4,2.8,49.400002,46.400002,10804131,32365998,1915.8716,11637.352,17.50782,19.677961,20699326464,376654485569.54,25.628078,.036739763,.022186128,7.5579281,16.195438,5380,1,.27000001,.66666669,.0099999998,40.3624,32.955429,13.33214,.02618718,1,5,0,1.7105495,.02,7.2584124,.028100001,.07,.16,.14,.092900001,.0099999998,.32268599,.102,61.59,0,54.299999,.80000001,.62216002,.1,2,0,.76450002,0,.30899999,.95999998,3.2668145,.44960001,8140,.034152299,.926,3.1099999,88,.039999999,1,16.262959,0,0,10.672076,-.023180164,.15862069,.1217,0,0,1,.33798829
NER,1,.17777778,5,6.7334018,0,0,-3.5404594,1,0,5.9914646,.2,87.900002,11.899999,0,1,1,.73291427,29,38,46,8,19,26,91,11,68,0,1,0,0,0,0,0,1,0,0,0,0,0,.94050002,1,48.5,115,28.4,0,.17777801,0,0,3,37,0,1,0,0,0,0,.032258064,8.6933718,.24346119,.16974233,1,1180.26,1197.49,1348.5601,9.8496933,-7,-7,400,400,0,176,.98422879,269.80963,.0099999998,.74396914,.7402218,.73427701,.72790569,.20958605,.41917208,.62875813,.62875813,265482.66,530965.25,796447.94,0,1,27.404308,.47127628,.16485479,0,17.186642,.69376999,1266700,16,8,144783.81,.03710857,8.2940493,8.1884117,0,0,0,0,.2,87.900002,11.9,4510645,24206636,817.34833,550.4408,9.8496933,,3686768128,13324320238.3562,16.590675,-.0078757415,.034174718,6.7060652,15.321951,4460,0,0,.16666667,0,418.32889,0,2.8893981,.031613208,0,5,0,1.9251242,.0099999998,6.2766433,.0049000001,.029999999,.1,.27000001,.25909999,0,.50480199,0,93.300003,0,35.400002,0,.75999999,.079999998,2,0,.28650001,0,.035,.050000001,5.1076183,.4147,3028,.0234478,.963,6.8899999,204,.16,1,14.292301,0,0,26.087767,-.011778302,.20689656,1,0,0,0,.37613961
NGA,1,.11111111,5.5454545,6.8134446,0,0,-3.0365543,1,0,7.6029005,12.1,45,27.099998,1,0,0,.856709,28,34,40,16,21,81,87,65,80,1,0,0,0,1,0,0,0,0,0,0,0,168000,.94999999,1,50.080002,81.099998,26.65065,.097769,.111111,0,8,7,35,0,1,2.3809524,0,0,0,.60000002,,,,1,473.06,498.793,519.23901,,-7,-7,2004,2004,1,131,1,263.52917,.41999999,.74817878,.74645352,.74072319,.73782486,1.1814605,2.7567413,4.3320217,4.3320217,1076038.8,2510757.3,3945475.5,1,0,26.817709,.35510498,.21382891,.76132381,97.74968,.26547,910770,10,8,281974.38,.07988245,7.9010072,7.9137039,0,0,0,15.8,12.1,45,27.1,55982142,206139587,1691.3694,2273.2185,,29.398861,94686486528,468600335245.226,36.190952,.0059306808,.026413221,7.4332938,17.840544,4770,1,0,.5,0,21.5287,132.97951,44.82621,.03122711,0,4,0,1.9312315,.0060000001,6.3403592,.0136,.02,.059999999,.13,.1094,0,.60150999,0,121.57,0,39.700001,.13,1,.20999999,2,1,.25049999,0,.0020000001,.36000001,12.529508,.45429999,42305,.0230706,.98799998,4.8899999,277,.51999998,1,16.993019,0,0,156.98856,.12321437,.19310345,.75520003,.12,1,0,.78997642
NIC,0,.14444445,5.2272725,7.544332,0,0,-2.0714734,1,0,5.0955892,94.699997,0,.90000296,0,0,1,.099179566,27,31,34,20,23,80,92,44,70,0,0,0,0,0,0,20,0,0,0,0,0,0,.044,1,67.860001,43.400002,26.633329,.63268602,.144445,20,1,1,157,1,1,30.959045,0,0,0,.071428575,34.599998,7.1999998,4.4000001,1,83.9011,84.219498,1145.99,18.594213,-8,-8,163.3,163.3,1,119,.1,247.21053,.52999997,.61832947,.68455058,.62468785,.67636883,.58738303,1.1747661,1.5663548,1.5663548,71308.297,142616.59,190155.47,0,1,25.475386,.24907111,.26483649,.7079345,201.41998,.26715001,121400,13,-85,19169.061,.16039939,8.0063677,8.5342493,0,0,1,4.4000001,94.699997,0,.89999998,2406523,6624554,2162.7444,1721.8182,18.594213,19.177387,5204694528,11406278011.4822,22.350578,-.0045495625,.020458465,7.6791334,14.693693,3440,0,0,.66666669,0,81.312798,17.219601,9.7640095,.03169357,0,3,.0099999998,1.9307965,.017999999,7.3815017,.0165,,.093999997,.083999999,.0495,.0099999998,.94530398,0,54.009998,1,47.299999,.63,.0052800002,.039999999,0,0,.60750002,0,.64600003,.66000003,43.73217,.4797,1493,.023442701,.83899999,5.1100001,103,.2,0,14.690044,1,1,1912.5026,-.017062545,.40000001,.3087,.23999999,1,.33000001,.3303121
NZL,0,.45555556,9.727273,9.7561474,1,0,-.33267942,1,1,2.1459312,18.700001,0,43.399998,1,0,0,.14756992,15,19,31,-2,5,73,81,67,78,0,0,0,0,0,0,91.699997,0,0,0,0,0,48300,0,0,76.900002,6.8000002,12.8,.95948797,.45555601,93,10,7,138,10,7,18.311428,1,1,1,.95454544,32.184074,55.048065,11.893906,0,39.581001,39.504002,9407.0898,,10,10,8.5500002,8.5500002,,3,0,120.70428,.31,.62694323,.71000844,,,,,.37314826,.37314826,,,99895.523,1,0,11.053463,.34395441,.4125177,0,138.89967,.48835999,267710,41,174,14991.76,.27984992,6.6846118,8.5336142,0,1,0,37.900002,18.700001,0,43.400002,2810700,5084300,,37922.238,,,,192808040438.974,23.633202,,.011925018,,14.848944,9280,1,0,1,0,112.9806,10.12706,2.210206,.01187142,0,5,.89999998,1.1489885,.018999999,8.9821844,.025599999,.07,.14,.14,.090400003,.13,.72419399,0,68.529999,0,71,.95999998,0,.0099999998,0,0,.47350001,0,0,1,8.5328951,.32879999,2372,.086424999,.88999999,1,101,0,0,16.753674,0,0,72.810287,-.042344622,.3862069,0,0,0,.2,0
PAK,0,.33333334,6.0454545,7.3524413,0,1,-2.0557249,1,0,3.6106477,.5,96.800003,1.899997,1,0,0,.62155986,22,24,48,-4,17,19,54,19,54,1,1,0,0,0,0,0,0,0,0,0,0,3220,.53757,1,63.950001,74.099998,23.5,.094195999,.33333299,0,1,1,48,0,1,3.5714288,0,0,0,0,7.9508243,7.942482,1.1666559,0,637.72498,644.27002,1714.63,15.793001,-88,0,36.990002,36.990002,,107,.49461049,218.7124,.059999999,.72586536,.72560614,.72365582,.7232812,8.7759151,19.874866,25.811514,25.811514,6765177.5,15321137,19897580,1,0,21.092703,.88197094,1.2387791,0,25.414837,.79443002,770880,30,70,212994.14,.2237018,9.1049795,9.1005259,0,0,0,.80000001,.5,96.800003,1.9,58142062,220892331,469.43771,1168.343,15.792339,15.406513,27294076928,258078002937.573,17.246399,.018403416,.027055243,6.1515355,17.878401,5950,1,0,.33333334,0,15.4315,67.623947,74.806107,.03055639,0,3,0,1.9603764,.026000001,6.4583383,.0154,.07,.15000001,.18000001,.13959999,.0099999998,.70297599,.17,56.400002,0,43.299999,.090000004,.42897001,.0099999998,2,0,.2445,0,0,.30000001,7.2364526,.4366,49955,.041577399,.428,4.9400001,77,.31999999,0,17.277216,0,0,52.366245,-.0022989591,.20689656,0,.079999998,1,0,.036750499
PAN,0,.1,5.909091,8.8363743,0,0,-1.5005835,1,0,5.0955892,85,4.5,5.3000002,0,0,1,.19083333,27,34,36,17,21,81,91,78,92,0,0,0,0,0,0,20,0,0,0,0,0,0,.08004,1,73.599998,21.4,27.5,1,.1,20,0,3,92,0,1,0,0,0,0,1,53.5,17.4,4.1999998,1,20.4568,20.490801,638.59302,,-7,-7,163.3,163.3,1,61,.0309956,247.03604,.47,.61319381,.68795234,.61295915,.67783689,.58738303,1.1747661,1.5663548,1.5663548,43718.918,87437.836,116583.78,0,1,25.521591,.23283736,.27756688,1,210.73322,.13446,74430,9,-80,5403.6182,.28598613,7.7832241,8.5139627,0,0,1,5.1999998,85,4.5,5.3000002,1519286,4314768,3434.7261,9611.2852,34.434376,,5218331136,41470466792.0689,31.964689,.020793244,.02109549,8.1416922,14.233751,3590,0,0,.16666667,0,64.834503,17.50638,0,.024990899,0,3,.14,1.6572752,.0049999999,7.3620105,.036499999,.079999998,.14,.22,.1825,.050000001,.76684999,0,87.230003,1,60.900002,1,.24563999,0,0,0,.80650002,0,.69499999,.95999998,3.281064,.43489999,1148,.040069699,.96399999,5.7199998,129,.16,0,14.407787,0,1,10.765382,-.028030194,.47586206,0,0,0,.28,.45962331
PER,0,.11111111,5.7727275,8.3961544,0,0,-1.4396951,1,0,4.2626801,95.099998,0,2.2000015,0,0,1,.43159091,22,26,34,9,16,92,95,64,80,0,1,0,0,0,0,30.000002,0,0,0,9,5,16600,.00050000002,0,68.32,45,20.5,.173208,.111111,30.000002,1,1,174,4,3,17.017559,0,0,0,.071428575,47.099998,13.4,4.5,1,254.983,368.04901,679.18298,15.5,-7,-7,71,71,,43,.029736999,287.49741,.25999999,.5968042,.64335716,.58771622,.63140315,.5859375,1.171875,1.5625,1.5625,750000,1500000,2000000,0,1,19.876368,1.2584555,1.553278,.45914569,127.36689,.65394002,1280000,10,-76,36992,.36024526,8.3663702,8.5303173,0,0,1,2.7,95.099998,0,2.2,13459789,32971846,3352.0349,5685.3706,17.131313,17.820742,45117681664,187457171746.57,25.090277,.010622599,.018080456,8.1173229,16.415216,5940,0,0,.33333334,0,128.8893,28.767891,4.8086782,.026207309,0,3,0,1.8092719,.027000001,7.6103578,.024499999,.039999999,.12,.15000001,.093500003,.039999999,.897726,0,61,1,48,.23999999,.0025500001,.02,0,0,.32550001,0,.56400001,.82999998,60.61483,.4332,9931,.034336898,.98500001,3.78,83,.28,0,16.813774,0,1,3674.1577,.0022472809,.45517242,.50319999,.039999999,1,.49000001,.4591777
PRY,0,.25555557,6.9545455,8.2079468,0,0,-1.7719568,1,0,4.3579903,96,0,2.0999999,0,0,1,.41111112,22,37,43,-2,12,73,89,48,62,0,0,0,0,0,0,25,1,0,0,0,0,0,0,0,69.610001,39.200001,23,0,.25555599,25,0,1,184,1,2,16.111115,0,0,0,.071428575,68,10.5,2,.57002228,171.161,961.76599,171.161,14.727553,-8,-8,78.099998,78.099998,,103,.0001715,215.40868,.51999998,.57933992,.65879625,.56857991,.64472961,,.25169897,.50339794,.50339794,,100000,200000,0,1,23.497328,.17392243,.091198966,.2626645,96.252495,.29181999,397300,23,-57.996387,28486.41,.031355869,8.2940493,8.6497965,0,0,1,1.9,96,0,2.0999999,2474757,7132530,1726.8992,5162.959,14.727513,19.189741,4273655808,36824961033.3881,20.439253,.022145296,.02139616,7.4540825,14.721653,7580,0,0,.16666667,0,223.9572,0,5.1623459,.02977306,0,3,0,1.7939237,.017000001,7.070724,.0138,.0099999998,.090000004,.15000001,.1182,.02,.93431199,0,92.599998,1,63.900002,.31999999,.034000002,0,0,0,.29949999,0,.035999998,.98000002,11.725718,.46059999,1774,.0326945,.91100001,4.9400001,141,.079999998,0,14.551716,0,1,137.49246,-.028768204,.23448277,.5,0,0,.13,.15022311
SDN,1,.16666667,4,7.3065314,0,0,-2.7030625,1,0,4.4796071,4.4000001,73,22.5,1,0,0,.51218003,29,40,48,5,19,18,67,10,41,0,1,0,0,1,0,0,0,0,0,0,0,10900,.93099999,1,54.970001,70.900002,28.5,.023229999,.166667,0,8,7,41,0,1,,0,0,0,.032258064,13.337848,1.5597409,.5777595,1,962.16602,1004.52,1260.65,,-88,-2,88.199997,88.199997,,143,.98024029,280.0155,.22,.76682007,.76517206,.77313924,.77036053,.84175086,1.2626263,1.6835017,1.6835017,2000000,3000000,4000000,1,0,26.799198,.54336077,.21885361,.2189206,37.28664,.66939002,2376000,15,30,162280.8,.064010367,8.5171928,8.4907675,0,0,0,.1,4.4000001,73,22.5,10281695,43849269,794.90851,1939.9331,,5.7865353,10950425600,85064646217.9212,16.994297,.018003784,.029432684,6.6782269,16.145876,4730,1,0,.16666667,0,212.80791,4.7657919,5.2119641,.027518209,0,4,0,1.8991179,.018999999,6.5498948,.0176,0,,,.2687,0,.52880001,0,,0,38.799999,0,.88999999,0,2,0,.32300001,0,.51999998,.25,17.364351,.4425,11165,.0294671,.99900001,5.3899999,163,.68000001,0,15.870434,0,0,301.52072,.025131442,.08275862,.97960001,.079999998,1,.15000001,.3102262
SEN,1,.15555556,6,7.4024515,0,0,-2.6310892,1,0,5.1038828,5.5999999,91,3.3000002,0,1,1,.7788682,28,35,43,12,21,70,88,45,74,0,1,0,0,1,0,0,0,0,0,0,0,0,.94999999,1,52.32,63.200001,27.200001,.244762,.15555599,0,3,3,35,0,1,42.857143,0,0,0,.032258064,40.729053,1.6512977,.49840727,1,107.65,236.72701,114.307,13.992467,-7,-7,164.66,164.66,1,166,1,259.73373,.28,.72803468,.72816741,.70695865,.70729315,1.1814605,2.7567413,4.3320217,4.3320217,227466.59,530755.38,834044.13,0,1,28.035494,.06367182,.082750089,.27277029,61.812756,.41604999,192530,14,-14,23546.418,.02695482,8.0063677,8.0378666,0,0,0,.1,5.5999999,91,3.3,4257508,16743930,1207.3202,1500.2389,9.543292,32.26347,5140175360,25119895534.6999,17.596348,.0043538739,.027765509,7.0961585,15.264194,4757,0,0,.16666667,0,60.410999,47.150051,9.6564074,.027801819,0,4,0,1.8670216,.011,6.9536843,.0187,.02,.20999999,.28,.2543,0,.569848,0,100.48,0,39.599998,.58999997,1,0,2,0,.59299999,0,.001,.27000001,5.9094343,.42660001,3187,.030122399,.81099999,4.3299999,146,.039999999,0,15.020519,0,0,34.921417,.035020247,.23448277,.4321,0,0,0,.84860408
SGP,0,.013555556,9.318182,10.146434,0,1,-.50087529,1,0,2.8735647,4.6999998,17.4,75.300003,1,0,0,.3215287,28,33,36,19,21,76,82,70,78,0,0,0,0,0,0,0,0,0,0,0,0,0,0,1,77.099998,4.9000001,27.1,1,.013556,4,8,7,36,0,1,,,,,,,,,,,,,,,,17.700001,17.700001,,1,0,265.11182,,.68809599,.69828105,,,.30374825,.6074965,1.214993,1.214993,203.51132,407.02264,814.04529,1,0,26.862743,.03314165,,,206.82697,,670,1.3666667,103.8,9.9829998,.042525001,8.4118328,9.0103636,0,0,0,2.5999999,4.6999998,17.4,75.300003,2074507,5685807,6786.9355,56349.031,38.176315,22.619299,14079545344,320389705940.647,31.056953,.043240059,.020369677,8.8227549,14.545234,5300,1,.46000001,.33333334,.15000001,.37329999,3081.967,0,.016857371,1,4,.090000004,1.2325603,.003,7.4133673,.033399999,.050000001,.12,.079999998,.0436,.059999999,.328758,.075000003,86.980003,0,63.700001,1,0,0,2,0,2.461,0,.713,1,3.4254396,.43220001,1634,.020807801,.69499999,4.5,87,0,1,14.812154,0,0,11.733637,.019400001,.14482759,0,0,0,1,1
SLE,1,.092222221,5.818182,6.253829,0,0,-2.748872,1,0,6.1800165,2.2,39.400002,53.599998,1,0,0,.81295663,25,31,33,13,20,73,83,70,79,1,0,0,0,0,0,0,0,0,0,0,0,0,.94999999,1,37.240002,170,26.200001,.46618599,.092221998,0,,,,,,0,0,0,0,.60000002,3.9826319,2.3651395,.2849077,1,127.327,131.097,226.005,,1,1,483,483,1,140,1,251.26547,.34999999,.73122299,.73274022,.71083665,.71311218,1.1814605,2.7567413,4.3320217,4.3320217,84616.203,197437.81,310259.41,1,0,25.884388,.2140433,.16666679,1,228.35106,.25472999,71620,8.5,-11.5,4898.8081,.088555962,8.0864105,8.0718136,0,0,0,4.8000002,2.2,39.400002,53.599998,2744890,7976985,476.55719,468.49344,,9.5933752,1308097152,3737165032.24729,12.384686,-.00034125554,.021565638,6.1665878,14.825252,5080,1,0,.33333334,0,31.9589,41.31525,27.45249,.02026958,0,5,0,1.8631495,.0070000002,,.0244,0,,,.2333,0,.74279797,0,,0,31.5,.49000001,1,.059999999,2,0,.625,0,0,.23,22.146437,.40180001,2241,.0307898,.37400001,5.2199998,201,.38,1,,0,0,490.46463,-.014165051,.22758621,.49779999,0,0,0,.81352812
SLV,0,.15000001,5,7.9480319,0,0,-1.8515095,1,0,4.3579903,96.199997,0,1.400003,0,0,1,.051428571,9,20,42,-25,8,71,85,46,76,0,0,0,0,0,0,20,0,0,0,0,0,0,0,1,69.129997,32,23.571011,1,.15000001,20,,3,157,,3,10.714286,0,0,0,.071428575,37.900002,6,1.9,1,44.295898,44.674999,1567.77,13.247184,0,0,78.099998,78.099998,,113,0,273.65048,.88,.62063915,.67314523,.63006473,.66926605,.58738303,1.1747661,1.5663548,1.5663548,12170.576,24341.152,32454.871,0,1,24.443773,.54410475,.2323567,.98046398,137.32083,.04631,20720,13.833333,-88.916664,6400.4077,.32802099,8.0063677,8.5369959,0,0,1,2.4000001,96.199997,0,1.4,3673066,6486201,2554.1843,3279.4966,13.247184,17.906206,9381688320,21271473583.3084,16.76111,.0050116559,.011437924,7.8454881,15.116537,3350,0,0,.66666669,0,8.0622997,145.07719,0,.022344351,0,3,0,1.8484548,.012,7.2633295,.022399999,.0099999998,.12,.17,.1346,.0099999998,.96079999,0,87.739998,1,50.799999,1,.00194,0,0,0,.56699997,0,.92299998,.80000001,9.4029417,.45100001,2570,.0256809,.713,3.28,132,.56,0,15.114991,0,1,88.415314,-.010536052,.04137931,.012,.36000001,1,.40000001,.047239602
TGO,1,.088888891,6.909091,7.2225661,0,0,-3.2188759,1,0,6.5042882,29.299999,17,47.599998,0,1,1,.72848684,27,32,38,15,21,95,97,61,77,1,0,0,0,1,0,0,0,0,0,0,0,0,.94999999,1,48.84,83.900002,26.799999,.16768999,.088889003,0,0,3,35,0,1,0,0,0,0,.032258064,9.1000004,.89999998,.1,1,261.366,261.86499,674.55298,15.09973,-7,-7,668,668,,156,1,260.17865,.63,.74302006,.74254107,.72992861,.72935808,1.1814605,2.7567413,4.3320217,4.3320217,64259.637,149939.16,235618.66,0,1,27.450003,.23146287,.1206627,.68525398,94.52829,.08862,54390,8,1.166667,25100.986,.064120717,8.0391569,8.056078,0,0,0,6.0999999,29.299999,17,47.599998,2115522,8278737,621.80627,692.50653,15.09973,23.61261,1315444864,5733079524.08335,19.932318,.0021561033,.027663497,6.4326286,14.564812,5120,0,0,.33333334,0,35.924702,74.315857,20.967621,.02799285,0,1,0,1.8718022,.0080000004,5.9053617,.019300001,.07,.28999999,.25999999,.2297,0,.907938,0,86.5,0,39.5,.16,1,.090000004,2,0,.79049999,0,0,.44,4.5952477,.4253,1514,.035667099,.94400001,6.6700001,141,.16,1,13.227872,0,0,21.116304,.069314711,.13103448,.5758,0,0,0,.94853878
TTO,0,.12222222,7.4545455,8.7687302,0,0,-.69715524,1,0,4.4426513,35.799999,6.5,44.5,1,0,0,.23126984,26,35,38,11,16,83,89,61,76,0,0,0,0,0,0,40,0,0,0,0,0,442000,0,1,73.800003,14.5,25.9,1,.122222,40,8,7,33,0,1,16.666666,1,1,1,.875,73.199997,14,1.2,1,7.9523101,7.79704,75.749298,25.8563,8,8,85,85,1,69,0,259.69073,0,.60609287,.7325545,,,.44332135,.88664275,1.329964,1.329964,2274.2385,4548.4775,6822.7153,1,0,26.044167,.11465,.02054538,1,153.07729,,5130,11,-61,750.00598,.3073,7.6009026,8.6575956,0,0,1,13.2,35.799999,6.5,44.5,945357,1399491,5726.7363,13707.616,,,5413810176,19183685986.9933,,.017609365,.0078768861,8.6529007,13.759318,3600,1,0,.66666669,0,6.0854001,174.65891,0,.01398711,0,3,.93000001,1.3169442,.0040000002,8.6353321,.020400001,.07,.12,.050000001,.023599999,.0099999998,.31638801,.252,83.470001,1,63.900002,1,0,.16,2,0,.87099999,0,.035999998,.88,8.5675983,.4305,843,.039145902,.86900002,1.5599999,96,.050000001,0,15.372298,0,0,73.40374,.0090971887,.08275862,0,0,0,0,0
TUN,1,.37777779,6.4545455,8.4826021,0,0,-1.5278579,1,0,4.1431346,.1,99.400002,.49999848,0,1,1,.070252195,24,25,48,-1,11,72,86,40,64,1,0,0,0,0,0,0,0,0,0,0,0,198000,0,0,69.5,30.299999,19.6,.479655,.37777799,3,0,1,36,0,1,4.7619047,0,0,0,0,8.3108425,4.6041298,.95192951,0,108.772,108.762,1191.08,21.148756,-8,-8,63,,,50,0,171.08812,.18000001,.74246258,.74246258,.73862994,.73862994,5.1493306,6.4366632,5.1493306,5.1493306,800000,1000000,800000,0,1,19.403837,.22150274,.21638541,0,25.270691,.73554999,155360,34,9,28632.848,.090522252,8.4118328,8.4118328,0,0,0,0,.1,99.400002,.5,5063805,11818618,1253.3838,3983.9429,21.148756,,6346891264,47084697907.185,25.270065,.023398038,.017095644,7.1336021,15.437629,1740,0,0,.33333334,0,36.8064,51.07906,10.18829,.02237227,0,4,0,1.8688748,.018999999,7.003974,.036899999,.059999999,.18000001,.17,.1151,.0099999998,.77360201,0,110.44,0,48.599998,.47,0,.079999998,2,0,.5205,0,.986,.66000003,5.493856,.4337,4221,.041696299,.80800003,5.6100001,104,0,0,15.351802,0,0,30.182455,.043078288,.37931034,0,0,0,.13,0
TZA,1,.06666667,6.6363635,6.253829,0,0,-3.4420192,1,0,5.6347895,28.200001,32.5,28.099998,0,0,0,.89024693,22,31,36,8,16,70,84,36,56,0,0,0,0,0,0,0,0,0,0,0,0,0,.92150003,1,47.919998,81.5,25.09024,.088188998,.066666998,0,0,3,33,0,1,5.3789935,0,0,0,.032258064,33.211838,.75025392,.20370243,1,477.39499,477.478,1892.58,,-6,-6,145,,1,134,1,279.35611,.49000001,.76099676,.76099676,.76305878,.76305878,.11317466,.9053973,1.9805566,1.9805566,100250.12,802000.94,1754377,1,0,22.456844,.97550833,.43660659,.84100199,86.054619,.30011001,885800,6,35,40126.742,.16274501,7.8240461,7.8240461,0,0,0,11.2,28.200001,32.5,28.1,13535487,59734213,,976.15662,,41.018227,,56593929840.2031,28.251915,,.030136997,,16.420826,7340,1,0,.16666667,0,88.129898,25.416531,12.16442,.033545282,0,0,0,1.8650099,.018999999,5.7651911,.0265,.079999998,.13,.27000001,.21950001,0,.82428598,.001,107.24,0,40.599998,.090000004,.98000002,0,2,0,.5535,0,0,.25,13.495831,.4589,10026,.0286256,.87199998,6,216,.050000001,0,14.978128,0,0,182.13747,0,.26206896,.83990002,.079999998,1,0,.072122999
UGA,1,.011111111,4.4545455,6.9660244,0,0,-3.4420192,1,0,5.6347895,49.599998,6.5999999,41.900002,1,0,0,.83579069,24,29,36,12,15,78,89,54,72,0,0,0,0,1,0,0,1,0,0,0,0,0,.94999999,1,39.639999,107,21.57432,0,.011111,0,7,7,33,0,1,5.3571429,0,0,0,.032258064,26.5,1.5,.1,1,969.328,969.33398,2252.8101,14.004668,-7,-7,280,,,120,1,290.65195,.37,.76529151,.76529151,.76926196,.76926196,.50735664,4.0588531,7.6103501,7.6103501,99999.992,799999.94,1500000,1,0,22.423065,1.1771532,.20191051,.97344398,98.106842,.35639,197100,1,33,50595.57,.19220071,8.1605186,8.1605186,0,0,0,1.9,49.599998,6.5999999,41.900002,9405606,45741000,,958.19269,14.004668,25.202379,,43828692209.545,15.772655,,.03213945,,16.056816,6220,1,0,0,0,30.4252,0,40.305531,.03483751,0,3,0,1.9322457,.003,6.3935909,.018999999,.0099999998,.12,.19,.17,0,.83448797,0,170.59,0,43.200001,0,.86000001,0,2,0,.20200001,0,0,.49000001,35.26622,.46689999,6562,.0263639,.99599999,5.7800002,155,.43000001,1,15.182641,0,0,1243.7062,-.0041672741,.1724138,1,.28,1,.16,.1427699
URY,0,.36666667,7,9.0312138,0,0,-1.0788096,1,0,4.2626801,59.5,0,38.599998,0,0,1,.06666667,20,26,43,-4,8,73,89,52,69,0,0,0,0,0,0,90,0,0,0,0,0,0,0,0,73.93,17.5,18.4,.31232899,.366667,60.000004,1,1,165,1,1,50,1,1,1,.875,68.463394,14.814496,5.4063535,0,120.051,176.019,262.823,3.3959959,8,8,71,,,89,0,166.87491,.95999998,.57213736,.72448617,.563519,.70822906,,,.10303224,.10303224,,,18032.703,0,1,17.749123,.09689074,.06068036,0,102.09293,.04298,175020,33,-56,13721.568,.035542492,8.1886892,8.8749323,0,0,1,1.9,59.5,0,38.599998,2809799,3473727,5670.6187,13430.719,3.3962264,16.997974,15933298688,46654650902.3328,17.283337,.017394478,.0042513139,8.6430531,14.848623,8560,0,0,.5,0,68.877098,35.737289,6.1708322,.0067215902,0,3,0,1.0654001,.014,8.2860174,.0241,.02,.15000001,.090000004,.054900002,.079999998,.51318401,0,125.23,1,67.300003,.49000001,0,0,0,0,.27649999,0,1,1,44.133682,.27849999,2538,.081166297,.796,4.2199998,92,0,0,16.125149,0,1,1947.782,-.034032583,.66896552,0,0,0,.11,0
USA,0,.42222223,10,10.21574,0,0,0,1,1,2.7080503,30,.80000001,25.600002,1,0,0,.20903142,27,32,37,15,21,62,70,59,68,0,0,0,0,0,0,83.600006,0,11,6,11,13,95700,0,1,76.699997,7.0999999,11.2,.111732,.42222199,87.5,7,7,195,10,7,73.370575,1,1,1,.95454544,17.785593,59.314404,21.299999,.0015154254,446.15399,761.91302,1280.49,18.013271,10,10,15,,,4,0,131.59421,.31999999,.63165569,.72034448,.65274227,.71180999,.02183654,.043673079,.087346159,.087346159,200064.63,400129.25,800258.5,1,0,6.528523,.62238717,.66647637,.0012686,61.318523,.58846998,9161920,38,-98.579498,1760921,.15385102,8.1605186,8.6886425,0,0,1,43.599998,30,.80000001,25.6,205052000,329484123,23207.221,53748.973,21.414736,,4758686924800,17709432714644.8,22.008797,.016939089,.0095304195,10.052218,19.138775,140,1,0,1,0,50.695,71.912552,14.83697,.01101123,0,5,.88999999,.8582378,.088,9.1997852,.0383,.029999999,.20999999,.16,.0317,.31999999,.53530997,0,84.589996,0,69.800003,.25999999,0,.02,0,0,.1155,.0070000002,.089000002,1,4.9490218,.31040001,180671,.092311397,.29800001,1,90,0,0,21.304218,0,0,24.492819,-.019166112,.075862072,0,.31999999,1,1,.0009406
VEN,0,.088888891,7.1363635,9.0710783,0,0,-.70319748,1,0,4.3579903,94.800003,0,4.1999969,0,0,1,.052499998,20,28,33,7,12,78,84,60,63,1,1,0,0,0,0,20,0,0,2,0,0,3040000,.0070400001,1,72.410004,20.9,24.799999,.24440899,.088889003,20,1,1,165,1,3,38.145073,1,1,1,.875,39.200001,11.1,2.5999999,1,127.57,322.41,172.771,32.887028,9,9,78.099998,,,180,.0022340999,263.76373,.34999999,.60856831,.6924786,.59323102,.67655474,.22674452,.34011677,.45348904,.45348904,200000,300000,400000,0,1,25.418005,.41731933,.39950749,.80223322,160.79886,.42280999,882050,8,-66,25932.27,.20177035,8.2427559,8.6183882,0,0,1,1,94.800003,0,4.1999998,11396396,28435943,14570.097,,36.549927,,166046597120,,26.467289,,.018455369,9.5867262,16.248808,3530,0,0,.83333331,0,117.5753,29.15127,4.2155681,.032618631,0,3,0,1.6924915,.018999999,8.7543182,.017999999,.039999999,.079999998,.079999998,.043000001,.039999999,.86794198,0,98.620003,1,59.799999,.56,.095040001,.11,0,1,.42300001,0,.96899998,1,9.9884272,.461,7502,.024393501,.98500001,1.22,109,.31999999,1,17.677244,0,1,99.768669,.11192316,.3586207,.45500001,0,0,.31,.4942922
VNM,0,.17777778,6.409091,7.2793188,0,1,,1,0,4.9416423,3.9000001,1,94.900002,0,1,1,.11764706,25,33,43,6,22,74,83,67,76,0,0,0,0,0,0,0,0,0,0,0,0,7140,.70109999,1,67.389999,38.200001,25.55714,.57028198,.17777801,0,0,1,41,0,1,0,0,,0,0,44.779137,15.047659,.82460719,1,79.994598,109.805,217.74001,,,,140,,1,99,.7154578,236.22765,.38999999,.6887641,.68901408,.70281607,.70290178,1.2289164,2.4578328,6.1445818,6.1445818,382266.75,764533.5,1911333.6,0,0,24.379883,.38298598,.3816202,.51450628,150.34839,.24439999,311060,16,107.83334,59256.926,.1882012,8.6995144,8.711937,0,0,0,.2,3.9000001,1,94.900002,43404802,97338583,,2123.4561,,26.661789,,206694203923.451,27.119854,,.016283665,,17.586081,,,,,,,,,,,,,,,,,,,,,,,,,,,,,,,,,,,,,,,,,,,,,,,,,,,,,,,
ZAF,1,.32222223,6.8636365,8.885994,0,0,-1.3862944,1,0,2.74084,10.4,1.3,49.299999,1,0,0,.83098179,19,29,39,-2,7,71,91,54,67,1,0,0,0,0,1,16,0,47,4,0,2,0,.1045,0,54.73,59.200001,17.700001,.19633,.32222199,22,3,3,139,3,3,1.7857144,0,0,0,.032258064,26.700001,27.400002,3.7,.037754312,306.89099,317.134,1020.64,27.620983,4,4,,,1,39,.022699,213.88029,.23999999,.74108309,.73807907,.7380622,.73516965,.07923805,.23771414,.47542828,.47542828,96232.234,288696.69,577393.38,1,0,17.958191,.90969104,.44571671,.0058301999,41.361889,.54435998,1214470,29,26,147558.09,.13985354,7.4383836,7.9339938,0,0,0,39,10.4,1.3,49.299999,22069783,59308690,6244.0815,6748.2344,28.557312,12.426404,137805512704,400228939387.244,22.211416,.0015541436,.019967668,8.7393894,16.909719,8930,1,0,.33333331,0,70.190804,30.372141,12.78999,.02354366,0,3,.090000004,1.742219,.017000001,7.6921134,.026573999,.11,.12,.16,.116426,.029999999,.48268801,.0099999998,85.169998,0,49.200001,.2,0,.11,0,0,.50999999,0,0,.88999999,9.7257652,.40090001,17396,.038629599,.528,4.7800002,72,.039999999,1,17.456108,0,0,94.5905,-.017719675,.08275862,0,.44,1,.090000004,.0029420001
ZAR,1,0,3.5,6.8669333,0,0,-3.4112477,1,0,5.480639,48.400002,1.4,21.199999,0,0,1,.87225288,25,32,36,14,19,88,95,61,73,0,0,0,0,0,0,0,0,0,0,0,3,4540,.94999999,1,50.790001,90.199997,23.354549,.0039869999,0,8,0,1,35,0,1,,0,0,0,.032258064,18.096453,1.6507177,.031117672,1,1115.39,1164.33,1248.28,14.922257,-9,-9,240,,1,,1,263.47943,.13,.75173962,.75200284,.7444247,.74502313,.19119325,.76477301,1.529546,1.529546,433444.66,1733778.6,3467557.3,0,1,23.848181,.72235841,.3188622,.88233602,125.76662,.63037002,2267050,1,25,67104.68,.083737157,8.0063677,8.0243711,0,0,0,29,48.400002,1.4,21.200001,,,,,,,,,,,,,,6420,0,0,.16666667,0,148.0764,30.75152,7.6527748,.02778447,0,3,0,1.7969129,.024,6.1923623,.027000001,.039999999,.12,.2,.153,0,.960536,0,429.51999,0,42.099998,.0099999998,1,.050000001,2,0,.285,0,0,.60000002,35.711601,.44029999,15310,.029457901,.93199998,6.5599999,201,.27000001,1,15.828624,0,0,1275.3184,-.020479448,.20689656,.9892,.039999999,1,0,.20609041
